MV Number - Based on Word count (S - L),Main Cue,Story,Emotional Intensity,Emotion Aversion,Harm,Self Benefit,Other Benefit,Pre-meditated,Illegality,Social Norm Violation,Socialness,Frequency,Personal Familiarity,General Familiarity,Morally Appropriate,Norm Violation Component,Social Affect Component,Intention Component,Word Count
49,Reckless,"I used to drink and drive a lot. One time I borrowed my brother’s car, was drunk and had taken Valium. I sideswiped another car that had its door open.  I got scared and kept driving.",4.93,5.30,5.93,2.20,1.20,3.90,6.50,6.40,5.83,4.43,1.80,3.80,1.30,1.87,.77,-1.39,36
275,Cheated,"I put a poster that I had on EBay. There was a man who bid on it and paid with a system that sent the money directly to me. He was kind of a jerk during the whole transaction, so I decided not to send the poster and just keep the money.",4.07,3.50,5.10,5.00,1.30,4.87,6.00,5.93,5.70,3.40,1.80,3.13,1.50,1.51,-.26,.83,52
306,Unfaithful,"I was in a relationship with a girl named Pam that I didn’t really want to be with anymore. I was attracted to another girl named Annie who I hung out with often. So, she and I engaged in very loud sexual play on my couch so that Pam would hear us in the other room.",5.10,3.13,5.97,4.90,2.23,5.70,2.10,6.10,6.37,3.37,1.63,2.83,1.57,.77,.97,1.52,56
86,Unfaithful,I am a very unfaithful person in general. I do not have a strong faith in God and I am constantly unfaithful to women. Recently I cheated on my girlfriend who comes from another state to see me. ,4.87,3.87,5.63,4.23,1.63,5.37,2.47,6.20,6.23,4.83,2.47,4.20,1.57,.96,.94,.82,38
62,Unfaithful,"During my first marriage, I was unfaithful once. My neighbor was a very, very good-looking man and he lived in my co-op apartment building.  I was unfaithful for about a month and my husband never found out.  ",5.37,4.00,5.20,4.37,2.67,5.13,3.80,6.40,5.90,4.80,1.70,4.20,1.60,.99,.83,.75,37
66,Guilty,"Once, when I was a teenager, I was driving drunk down a road. An old farm dog came out into the middle of the road and started barking. I purposely ran right over it and killed it.",5.13,4.53,5.97,2.10,1.57,3.23,5.47,6.47,4.40,3.23,1.53,2.50,1.63,1.79,.07,-2.02,37
125,Took Something,"Ten years ago I was staying with a friend who lived in a house of a very famous man. There were many autographed books in the house. I stole one of the books, which was autographed by a very famous celebrity.",3.97,3.20,5.07,5.77,1.63,4.33,5.97,6.17,5.07,3.47,1.47,3.03,1.63,1.58,-.77,.84,41
119,Sneaky,There was a time for about a month that I was kind of into crystal methane. At the time I snuck around and did it in my house. My mother didn’t know that I was doing it in the bathroom. ,4.70,4.47,4.30,2.70,1.57,5.33,6.03,6.07,4.30,4.33,1.30,3.20,1.63,1.46,-.19,-.51,40
208,Regretful,"I had a friend who was incarcerated. One day, his girlfriend was driving his car. I was driving my girlfriend’s car and got into an accident. My friend’s car was one of the cars that I hit, but I just drove away and never told my friend. ",4.97,5.13,5.70,4.03,1.57,3.03,5.93,5.97,6.10,3.20,1.70,3.00,1.70,1.64,.62,-.85,47
198,Cheated,"I was responsible for the financial wellbeing of the women members in my family. They really needed all the money that they had and could get. So, through a bit of “creative reporting” on their taxes, I ended up cheating the government out of about $100,000.",3.87,3.83,4.63,4.07,5.33,6.27,6.73,5.63,5.93,3.80,1.57,3.30,1.73,.73,.18,1.43,46
139,Unfaithful,I was getting a massage at the gym and the massage therapist came on to me. I was dating a guy named Brad at the time though. I was unfaithful to Brad and had sex with the man who was massaging me.,5.37,3.87,5.43,4.80,3.00,3.13,2.63,6.13,6.00,3.87,1.80,3.37,1.73,.89,.71,-.13,42
127,Lied,"I used to work as a legal assistant. I lied to clients all of the time, the attorney I worked for lied all the time too. We just lie to our clients so things will work out the best for us. ",3.93,3.73,5.93,5.43,2.23,5.90,5.93,6.27,6.33,4.57,2.13,3.93,1.73,1.38,.27,1.81,41
56,Unfaithful,My first husband was never sensitive to my needs. I cheated on him because he wasn’t there for me. He was not affectionate. I decided to have an affair because I felt like he deserved it. ,6.00,4.47,5.73,4.43,2.13,5.80,3.70,6.40,6.43,4.77,1.80,4.03,1.73,1.01,1.54,1.19,36
50,Unfaithful,I have cheated pretty much all of my life. The most recent time was because I was in a long distance relationship. There were so many opportunities to cheat that I just gave into the temptation. ,4.73,3.73,5.70,4.23,2.10,5.10,2.50,6.40,6.37,4.90,2.03,4.17,1.73,.91,.91,.74,36
228,Unfaithful,"I cheated on my present boyfriend. I didn’t understand why he did not want to get married. I felt like he didn’t want to get married because of me and because he didn’t want to be with me, so I thought it was okay to have an affair.",5.83,4.97,5.60,3.57,2.27,4.80,2.27,6.10,6.13,4.30,2.13,4.17,1.73,.85,1.58,.02,48
159,Regretful,"In the late nineties, I got my girlfriend pregnant. She told me she was pregnant and that she wanted me to be there for her. At first I took her to her appointments and such, until I became nervous and ended the relationship. ",5.60,5.23,5.73,3.80,1.73,4.33,2.27,5.83,6.23,4.70,1.60,4.33,1.77,.96,1.52,-.20,43
206,Embarrassed,I was in a relationship with this woman named Beth for a while. Then one night I cheated on Beth with my ex-girlfriend. The next morning my ex came by to see why I didn’t stay the night at her place and she saw me with Beth. ,5.50,5.67,5.63,3.23,1.97,4.07,2.47,6.23,6.27,4.40,2.17,4.37,1.77,1.03,1.62,-.67,47
74,Reckless,"A couple of years ago, I was out on the streets using drugs. I had a very young attractive girlfriend. I used to let her do whatever she wanted to do, like prostitution and stuff like that. ",4.93,4.33,5.27,2.70,2.30,4.50,5.63,6.07,5.73,3.30,1.37,2.50,1.80,1.29,.56,-.60,37
14,Took Something,When I was younger I worked for my dad in the produce business. I felt that he would underpay me and I deserved more. So I would self-compensate and take money from him.,4.57,3.80,5.07,5.53,1.97,5.40,5.63,5.83,5.60,4.27,1.73,3.20,1.80,1.28,.04,1.39,33
174,Took Something,"I worked in a cosmetics department store in the 80’s. I started stealing clothes by pretending to ring them up, as if I was buying them, and then just putting them in my bag. I kept taking clothes and eventually the store found out.  ",4.17,4.30,4.77,4.53,1.50,5.93,6.37,5.97,4.13,4.50,1.90,3.63,1.80,1.58,-.57,.75,44
46,Unfaithful,I was married for three years when I became attracted to a woman at work. One night when my wife was away with friends I was unfaithful to her. I then continued to have an affair. ,5.57,3.87,5.93,4.70,2.30,5.33,3.73,6.33,6.43,4.93,1.90,4.00,1.80,1.02,1.17,1.14,36
8,Took Something,"When I was little I would steal from supermarkets. I would steal things that my brothers and I wanted. I got caught a couple of times, but just kept doing it.",3.63,3.33,4.37,4.33,2.67,5.67,6.03,5.90,5.07,4.70,2.37,4.03,1.80,1.16,-.60,.92,31
261,Guilty,As I was backing out of a parking lot I bumped a parked car and left a minor dent. I didn’t even feel the impact when I hit the car but it left a little bit of damage. I drove away without leaving a message or trying to contact the person.,3.90,3.93,5.20,4.97,1.70,2.90,5.57,5.70,5.47,5.30,3.00,4.53,1.80,1.52,-.48,-.43,51
65,Guilty,I cheated on my girlfriend even though I knew that she would find out and be upset. I cheated on her for a very long time and really hurt her. She found out and we broke up.,5.97,5.00,6.07,4.00,2.03,5.67,2.23,6.17,6.17,5.23,2.27,4.70,1.80,.89,1.77,.72,37
186,Cheated,I was in high school and about to take a physiology exam. I didn’t study for the test so I grabbed the exam of a guy who sat in front of me. I passed it around to my friends nearby and then gave it back.,3.80,3.33,4.43,5.30,4.67,4.17,4.80,5.77,5.93,4.23,1.87,3.73,1.83,.69,-.21,.88,45
148,Took Something,I took my sister’s ring that was given to her by our father’s aunt. I had never met our father’s aunt but my sister spent some time with her. I took the ring because I didn’t think that my sister deserved it. ,4.47,3.60,5.10,4.83,1.73,5.40,4.70,5.57,5.43,2.97,1.60,3.00,1.87,1.13,.03,.99,42
264,Tempted,"I had just gotten out of prison and moved in with my sister. One day I decided to go down to my old neighborhood where I used to get high and do drugs. I didn’t go with the intention to do drugs, but I ended up giving in and buying some. ",4.77,4.83,3.80,2.97,1.97,2.97,5.93,5.63,4.37,4.43,1.63,3.37,1.87,1.40,-.40,-1.75,51
203,Regretful,"When I was graduating from high school, I had a friend whom I wasn’t really getting along with anymore. He was coming to see me when he got into a car accident. I chose that time at the hospital to tell him our friendship was over.",5.53,4.73,5.73,3.83,1.70,4.67,1.73,6.07,6.23,2.27,1.40,2.17,1.90,.86,1.46,.09,46
242,Cheated,A little while ago I had to go to the DMV to get my drivers license renewed. They told me that I had to take a written test in which I had three attempts to pass. I failed the first two times so I cheated on the final attempt.,3.77,4.17,3.97,5.67,1.57,5.17,5.97,5.60,3.83,3.57,1.47,2.40,1.90,1.45,-1.13,.84,49
202,Took Something,"I was with my mother in the mall. I decided to steal some lipstick, because one of my friends stole things all the time. The owners caught me and they thought that it was my mom who tried to get me to steal things for her.",4.67,5.33,5.10,2.47,1.60,3.97,5.67,5.53,5.67,3.70,1.87,3.27,1.90,1.39,.60,-1.25,46
219,Took Something,"I was thirteen years old and I went into the grocery store where I lived. There was a comb that I wanted in the store, so I just took it. I didn’t really need it but I just wanted the thrill of stealing it and nobody catching me. ",4.27,2.93,3.73,4.43,1.33,4.17,5.90,5.53,3.50,4.43,2.43,3.87,1.90,1.42,-1.48,-.28,48
121,Took Something,My family didn’t have money so I would always admire jewelry on other students in school. In second grade there was this little girl who would wear this necklace. One time at recess she put it down and I took it. ,4.30,3.43,5.20,5.30,1.50,4.00,5.37,5.70,5.60,4.33,2.10,4.03,1.97,1.37,-.29,.47,41
41,Guilty,"When I was eleven or twelve, I called someone a racial name. The person I’d called the name was a sort of a friend of my sister’s. It got back to her and she was humiliated.",5.20,5.23,5.50,1.97,1.57,3.23,2.47,5.90,5.97,5.30,2.83,4.43,1.97,1.03,1.23,-1.85,36
277,Sneaky,"I was seeing a married man named Frank in my early twenties. He wasn’t 100% sure that he wanted to be with me because he was married and had kids. So, we had been together for year and a half when I decided to cheat on Frank with a man at work.",5.37,4.63,5.27,4.63,2.83,5.23,3.07,6.10,6.27,3.97,1.43,2.97,2.00,.77,1.24,.93,52
140,Took Something,In high school my friends and I were big shoplifters. Our favorite thing to do after school was go to a local drugstore and load up on candy bars. We did it quite a few times and no one ever found out.,3.20,3.17,4.77,5.10,2.93,5.80,6.33,5.97,5.57,4.67,2.07,3.93,2.00,1.16,-.61,1.53,42
52,Took Something,"When I was in high school, this old man died. Some guys and I went into his house and I took a pair of old work boots. I put them in the trunk of my car.",3.53,3.30,3.20,4.80,1.77,4.57,5.20,5.53,4.50,2.70,1.43,2.43,2.03,1.08,-1.16,.34,36
213,Hurtful to Someone,I moved out of my house when I was 16 years old. I moved to the city from a small town because I needed to get away from my mother. When she came to visit I was very mean to her and told her to “fuck off”. ,5.93,5.33,5.77,3.20,1.70,4.17,2.10,6.17,6.03,3.30,1.90,3.57,2.03,.97,1.64,-.65,47
44,Guilty,When I was eleven years old my friends dared me to steal something from the drugstore. So I went in and found the object closest to the door. I took it and ran from the store.,4.23,4.07,4.17,3.83,2.23,4.13,6.03,5.50,4.90,4.60,2.03,3.73,2.03,1.24,-.45,-.40,36
42,Sneaky,"I slept with one of my math teachers and I really hope nobody ever finds out about it. At the time he said he was separated from his wife, so I knew that he was married.",5.00,4.13,4.57,4.40,3.23,4.77,3.77,5.93,5.93,3.53,1.63,3.37,2.07,.72,.66,.56,36
60,Hurtful to Someone,When my partner was very sick a few years ago he had to walk very slowly. He needed a cane and couldn’t move fast. I was very impatient with him and told him to move faster. ,4.93,4.33,5.20,2.67,1.47,3.33,1.90,5.37,5.70,3.70,2.07,3.40,2.07,.83,.74,-1.39,36
4,Took Something,"When I was younger, my brother and neighborhood friend and I went on a shoplifting spree. We took a lot of clothing. Then we got caught and we never stole again.",4.57,5.17,4.30,3.97,2.40,5.23,6.40,5.67,5.53,4.73,1.90,3.97,2.10,1.20,.36,.31,31
57,Hurtful to Someone,"I was friends with a girl who had a very good-looking and outgoing husband. A few times he flirted heavily with me. Most of the time I flirted back, which I believe hurt her feelings greatly. ",4.93,4.13,5.40,3.67,1.97,4.30,2.10,5.60,6.00,4.47,2.23,4.10,2.10,.75,.88,-.18,36
31,Hurtful to Someone,When I was in elementary school my mom and I got into a fight about something. I had this little bamboo stick and I hit her on the head with it. It didn’t hurt her.,4.93,4.47,4.73,2.47,1.43,2.40,2.87,5.60,5.33,3.50,2.03,3.27,2.13,1.04,.36,-2.12,35
22,Took Something,When I was ten years old I would walk to school everyday. The route that I took to get to school was right near a liquor store. I stole something from the store once.,3.70,3.70,4.37,4.83,1.70,4.40,6.10,5.60,3.83,3.77,1.73,3.33,2.13,1.48,-1.27,.03,34
254,Unfaithful,"When I was in college I went to school in England, and fell in love with an Italian guy. We decided to stay together when I returned to the states and he came and visited me every once and a while. Things got complicated though, and I cheated on him. ",5.70,4.73,5.13,4.13,2.00,4.10,2.20,5.73,6.23,4.53,2.13,4.47,2.13,.74,1.31,-.06,50
115,Unfaithful,When I was 17 years old I had two boyfriends. I would see one and then go visit the other. Sometimes one would drive up to my house as the other was driving away. Neither of them ever found out. ,4.40,3.53,4.97,4.87,2.17,5.73,2.27,5.67,6.20,4.63,2.47,4.07,2.17,.58,.62,1.41,40
173,Unfaithful,I used to hang out with this guy while I was married.  One night we got horribly drunk and I cheated on my husband of eight years. I am no longer married to my husband and now live with the man I cheated with.,5.83,4.27,5.73,4.83,3.63,4.07,3.53,6.27,6.40,4.43,1.97,4.17,2.17,.81,1.24,.50,44
17,Unfaithful,I was dating my girlfriend for a month. Then I went out with my brother to a bar and met another girl. I was unfaithful to my girlfriend with the girl from the bar.,4.83,3.70,5.33,4.80,2.30,3.23,2.27,5.83,6.13,4.97,2.47,5.17,2.17,.81,.53,-.09,34
92,Lied,I remember when public transportation buses started charging a dollar. My friends and I would tear the dollar into 4 pieces and fold it up so it looked like a dollar. I would use a dollar for four rides.,2.93,2.93,4.27,5.43,2.27,6.17,5.80,5.43,5.03,3.73,1.57,2.57,2.20,1.04,-1.02,1.77,39
247,Regretful,"I used to have a drug problem.  I was helping a friend move one day.  I picked up a medical prescription that was her brother’s who had passed away, and she saw me put it in my pocket. After that, there was a little bit less trust in our relationship. ",5.00,5.33,4.07,3.90,1.83,3.33,5.07,5.63,5.37,3.63,1.40,2.80,2.20,1.20,.33,-.92,50
102,Unfaithful,"Years ago, my partner and I were friends with another couple. Then I started going out with one of the people in the other relationship secretly. It was really awkward when all four of us would have dinner together. ",5.30,5.10,5.17,4.10,2.60,5.13,2.57,6.07,6.23,4.10,2.03,3.63,2.20,.71,1.40,.50,39
141,Cheated,I was working as a secretary and wanted to make more money. In order to make more money I needed to know more about the business and pass a test to prove it. So I cheated on the test and got caught.,4.57,5.37,3.20,2.80,1.57,5.17,5.00,5.67,3.47,4.07,2.13,3.67,2.20,1.19,-.40,-.88,42
222,Lied,"I email women through the personal ads quite often. I lie about many things such as awards I haven’t actually won, or places I’ve been. I’m pretty sure everyone lies about things in those ads to make themselves more attractive to the people that they are interested in.",3.87,3.20,4.80,5.30,2.00,6.20,3.17,5.77,5.73,5.77,2.27,4.13,2.20,.74,.04,1.83,48
152,Took Something,I was 13 years old and I went to a store with my mother. I decided to take a purse and my mother was aware of it. I walked towards the door and a security guard took me aside and talked to me. ,4.13,4.80,3.80,3.03,1.63,4.13,5.73,5.70,4.83,4.23,2.10,3.67,2.23,1.27,-.28,-.97,43
6,Cheated,I was in a French class with a guy named Jason. He found a copy of a test we were going to have. I bought it from him for a dollar. ,3.37,2.63,3.47,5.43,2.40,5.00,4.80,5.53,5.03,4.67,1.80,3.90,2.23,.83,-1.07,1.16,31
211,Lied,"After I got in the Marine Corps, a friend of mine and I were trying to get false IDs so that we could get into the bars and clubs. We asked the clerk to change our dates of birth. We told her that the dates were wrong.",2.93,2.77,3.13,5.53,2.13,5.97,6.03,4.97,4.83,4.33,2.07,4.23,2.23,.89,-1.35,1.68,47
71,Took Something,"When my sister and I were growing up we each had our own money. One time, I thought she had been taking some of my money. So, I went and decided to take some of her money. ",3.93,3.57,4.63,4.87,1.50,5.37,4.30,5.30,5.17,4.53,2.00,3.33,2.30,.99,-.32,.90,37
11,Took Something,When I was in third grade I really wanted to be popular. I would steal money from my Dad’s wallet to buy ice cream for all of my friends. Eventually he found out.,4.30,4.37,4.17,4.90,4.23,5.40,4.77,5.27,5.77,4.47,2.53,3.83,2.30,.53,.32,1.16,33
39,Lied,"I go online a lot to meet people. I talk to a number of different people and lie to all of them. I lie about facts such as my job, looks, and where I’m from. ",3.17,2.73,4.67,4.50,1.80,5.93,3.37,5.43,5.60,5.70,2.93,5.17,2.30,.73,-.41,1.27,35
288,Tempted,My husband and I split up and soon after he was arrested for drug use. While he was in jail I used some of his credit cards that I still had from our marriage. I did it so that he would be so upset with me that he would stop trying to contact me.,5.33,4.43,5.00,4.70,1.63,5.67,4.53,5.30,5.67,3.20,1.33,2.53,2.33,.97,.71,1.01,54
284,Lied,When I was a scriptwriter in Hollywood I was in a writer’s group and sold a TV show and got an agent. My friend asked if I could send his stuff to my agent. I didn’t send his stuff to my agent; instead I told my friend that my agent didn’t like his work.,3.83,3.67,5.23,3.63,1.67,5.07,2.13,5.73,5.87,3.27,1.63,2.77,2.33,.74,.36,.25,54
135,Sneaky,"When I was in Italy with my boyfriend, I did something very sneaky. I really wanted this guy’s number who I thought was cute. My boyfriend had the number in his phone so I checked his phone and got the number. ",4.03,3.13,4.27,4.93,2.57,4.90,2.00,5.70,5.23,3.60,1.63,2.77,2.33,.52,-.18,.83,41
19,Sneaky,When I was in high school I did a lot of drugs. Once I was doing ecstasy and my parents caught me. I just told them that the only drug I used was marijuana.,4.27,4.40,4.13,3.43,1.90,3.90,5.70,5.43,4.67,4.83,1.87,3.90,2.33,1.23,-.43,-.87,34
153,Guilty,"I said some bad things about this guy that I work with. He told me some secrets that I promised not to share, but I did anyway. He didn’t find out but I was afraid if he did, he might do something crazy.",4.97,5.03,4.67,2.57,2.00,4.33,2.07,5.63,5.80,4.73,3.03,4.57,2.33,.65,1.07,-.89,43
244,Cheated,"Back in high school I kind of had an agreement with the guy sitting next to me. We would show each other our papers whenever we were taking a test. Both of us were pretty good students, we just would make sure we shared test answers if we needed to.  ",3.43,3.10,3.53,5.53,4.63,6.20,4.57,5.50,5.53,4.87,2.53,4.30,2.37,.33,-.42,2.10,50
150,Worst Thing,I spanked my daughter. I literally beat her in anger. She didn’t follow instructions and I was so angry with her. She had lied to me. That was the worst thing I ever did. I think I scarred her emotionally versus physically. ,6.13,5.43,6.00,2.47,1.83,3.30,4.23,5.67,5.80,4.73,3.17,4.37,2.37,1.21,1.39,-1.60,42
147,Lied,"In college I used to tell a lot of girls that I loved them or cared for them or how we would be more of a couple than we were.  But, in actuality, that wasn’t the truth.  I just told them that.",4.37,3.27,5.40,4.80,2.17,5.97,2.10,5.70,6.33,5.27,2.90,4.90,2.37,.54,.70,1.57,42
155,Qualms,"My best friend is male and we have been friends for 20 years. He is married and has three kids. A couple of times we went into the Jacuzzi together naked. I know if his wife ever found out, she’d have a cow.",3.80,2.70,3.90,4.10,3.30,4.60,2.17,5.50,5.40,3.17,1.57,3.07,2.40,.30,-.30,.37,43
235,Cheated,"I was taking a vocabulary test in class, and usually I am so great at vocabulary. But, as I was passing my paper forward I realized that the girl behind me had one different answer than I did. So I changed my answer to the same as her answer.",3.23,3.43,2.73,4.87,1.63,2.60,3.77,5.17,3.87,4.93,3.37,5.00,2.40,.96,-1.68,-.95,49
21,Guilty,When I was in sixth grade some kids from my class stole a small tree from someone’s yard and planted it in the schoolyard. I went over to the tree and stomped on it.,4.13,3.53,4.60,2.53,1.93,3.77,3.83,5.07,4.93,2.47,1.57,2.23,2.43,.87,-.28,-1.25,34
189,Regretful,"When I was a kid, all of the neighbors would play together in the village. We would play games where we would just throw the ball back and forth between two teams. One time, I hit one neighbor really hard and made fun of him.",3.63,2.97,5.53,2.53,1.60,2.77,2.57,5.10,5.60,4.57,3.30,3.93,2.43,.87,-.23,-1.64,45
253,Unfaithful,"The first boyfriend I lived with, Rob, had emotionally abandoned me. It was a less-than-perfect relationship. Rob’s very, very dear friend, Jack, was coming up to visit. I had been talking to Jack on the phone and we got together emotionally. Eventually we got together physically too and had sex.",5.47,4.10,4.80,4.03,3.00,3.13,2.13,5.60,5.70,4.67,2.03,4.20,2.43,.57,.72,-.65,50
116,Cheated,When I was in high school I used to sit next to this very cute boy named Paul. We were taking a history test and I just wasn’t prepared for it. So I looked at a couple of Paul’s answers.,3.27,3.07,3.43,5.40,1.87,3.63,4.00,5.53,4.77,5.20,3.17,4.70,2.43,.92,-1.22,.19,40
7,Unfaithful,"I had been involved with my high school sweetheart, Glenn for four years. Then I met this guy Hank in college. I started dating Hank before I broke up with Glenn.",5.00,3.87,5.23,4.57,2.67,4.80,2.13,5.63,6.03,5.07,2.73,4.90,2.43,.54,.84,.67,31
304,Reckless,My friends and I were going to the movies and I was taking this guy with me in my car. He was being a jerk about my driving so I decided to go really fast and drive recklessly. It got to the point where he told me to stop the car so he could get out.,4.50,4.67,4.57,3.03,1.93,3.53,4.27,4.97,5.87,3.40,2.33,2.90,2.47,.89,.43,-1.07,56
218,Hurtful to Someone,"I was having problems with my ex, Steve, and the marriage wasn’t working. We met with our pastor and I told the pastor that Steve has a little Internet pornography problem. I just wanted to hurt Steve, to expose him so that everyone wouldn’t think he was perfect. ",5.33,4.50,5.23,3.73,1.83,5.07,2.83,5.43,5.90,4.00,1.63,3.13,2.50,.73,1.06,.21,48
89,Hurtful to Someone,"One time, years ago, I was dating a real fine lady.  She was really serious about settling down but I wasn’t interested in that.  But I wanted to keep dating so I wasn’t honest to her about my feelings.",5.03,4.10,5.33,4.87,2.10,5.50,1.87,5.33,6.00,5.10,2.70,4.33,2.50,.53,.97,1.13,39
200,Regretful,I was helping my friend move and she took advantage of my help. She made me clean most of her house and wanted to use my car to move all of her stuff. She didn’t pay for the gas that I used or even thank me. ,5.03,5.57,2.30,1.83,5.60,4.30,2.23,5.30,5.90,4.67,3.80,4.63,2.50,-.28,1.23,-1.08,46
204,Sneaky,"When I was a kid, my father owned and operated movie theaters and we owned a large projector. One time when I was in grammar school, I decided to steal a film that I liked. So I stole the film and brought it home to watch. ",3.43,2.87,3.77,5.07,1.50,4.93,4.83,5.17,4.17,3.63,1.50,2.70,2.53,1.02,-1.35,.63,46
78,Qualms,"When I first moved to California, I hung out in some very seedy areas. I went out one night and bought drugs from a dealer. I didn’t get caught but I’ve never done anything like that again.",4.43,4.67,2.67,3.40,2.70,3.90,6.10,4.80,4.13,5.33,1.97,3.60,2.53,.90,-.70,-.99,37
217,Took Something,I was working at a school and needed some pictures of horses to use as a reference for a drawing that I was doing. So I used some of the books that were at the school and have never returned them. I left the school some time ago.,2.60,2.77,3.90,4.47,1.53,4.20,5.00,5.13,3.67,4.33,2.70,3.90,2.53,1.16,-1.93,-.22,48
207,Unfaithful,"I remember back when I was in ninth grade, I was seeing one girl and I had met another girl. We became friends and eventually we dated. I didn’t tell my girlfriend who I had been dating for a few years about the other girl I’d met.",4.70,3.90,4.63,4.80,2.30,5.07,1.73,5.47,5.87,4.70,2.50,4.17,2.53,.44,.63,.87,47
161,Sneaky,"I was in a relationship with this man, George, who proposed to me after only five months. I broke up with him because I didn’t want to get married. I still cared for him though and spent the next year spying on him.",5.23,4.87,4.20,3.43,1.80,5.13,4.07,5.63,5.70,3.33,1.30,2.67,2.57,.82,.83,.02,43
168,Regretful,I had a very close friend in college named Sue. She and her boyfriend had a terrible fight one time. The next day I went up to the mountains with him and a group of friends and was a bit flirtatious with him.,4.00,3.23,4.50,4.63,2.97,3.93,1.97,5.37,5.87,4.37,2.50,4.17,2.57,.40,.06,.26,43
67,Sneaky,"When I was a teenager, I took my father’s car out with my friends. My parents were out of town for a couple of days. I took the car without their permission to go for a joyride. ",3.13,3.03,3.53,4.87,2.33,4.90,4.30,5.03,4.87,5.03,2.70,4.27,2.57,.70,-1.03,.69,37
80,Lied,I lied to a boss once. I said I delivered some paperwork for him that he needed delivered to complete this deal.  He had been unclear in his instructions to me and I just forgot to send it. ,3.23,4.17,5.13,3.40,1.77,3.13,2.77,5.17,5.50,4.50,2.90,3.97,2.60,.89,-.18,-1.16,38
298,Unfaithful,"I was 24 years old and I had a rocky relationship with my girlfriend and I didn’t know if I wanted to continue or what. I felt depressed about that, so I wanted to check out if I really wanted to stay with her.  I was unfaithful by going out with somebody else for a date.",5.17,4.30,4.90,4.70,2.50,5.67,2.10,5.53,6.17,4.93,2.60,4.73,2.60,.43,1.13,1.19,56
59,Took Something,"Years ago, I shoplifted lipstick from a drugstore. No matter what I did with the lipstick after I stole it, I just wasn’t able to enjoy it. I never took it back though or told anyone. ",4.53,5.23,3.10,2.80,1.63,3.87,5.70,5.43,3.10,4.13,2.03,3.50,2.63,1.28,-.86,-1.70,36
188,Took Something,I stole something when I was eight years old. My mom sent me to the grocery store to get tomato sauce and I took a little mirror from the store. My parents were really strict about stealing so I didn’t tell them what I did. ,4.20,4.20,4.00,4.07,1.80,3.77,5.50,5.43,4.03,4.17,2.27,3.67,2.63,1.24,-.85,-.75,45
131,Lied,When I was in sixth grade I had a paper route. One time after school I didn’t do my paper route. My Dad asked me if I did my paper route and I lied to him and said that I did.,3.63,3.70,4.30,3.90,1.73,4.17,3.47,4.77,5.30,4.30,2.23,3.30,2.67,.72,-.34,-.28,41
95,Sneaky,"I found out that my husband has another email address. Through that email address, he has been going to certain websites that I consider wrong, so I’ve been checking his email everyday to find out what he's been doing.",5.20,4.87,4.57,3.97,1.93,5.90,3.30,5.60,5.37,4.50,1.90,3.83,2.70,.71,.85,.66,39
143,Took Something,"One day, when I was 7 years old, my sister left her wallet on her dresser. I bumped the dresser and the wallet fell onto the floor. Many coins came out and I picked them up and put them in my pocket. ",2.77,2.50,4.33,5.17,1.53,2.73,3.97,5.10,4.77,4.47,2.83,4.03,2.70,1.03,-1.56,-.42,42
91,Cheated,When I was in elementary school I cheated. I wrote the answers on an eraser. As I was cheating I realized what hard work it was and I decided I should have just studied and taken notes in class.,4.07,4.50,2.90,4.50,1.63,5.80,3.87,5.33,3.23,4.70,2.80,4.53,2.70,.84,-.90,.41,39
259,Reckless,I owned this knife that was of illegal length. My next-door neighbor is a drug-dealer and one day some guy came by with a rottweiler and a pit bull that were off their leashes. My cat was outside so I went over with my knife and threatened the man to leave.,5.10,4.93,4.50,4.50,2.23,3.67,5.37,5.27,5.67,2.70,1.33,2.27,2.73,1.03,.41,-.28,51
166,Qualms,I was working for a company putting together a project with several partners. At one point I found out that there was a partner that was providing a great deal of money by importing marijuana from Thailand. I didn’t say anything to anyone. ,4.10,4.17,3.93,3.33,4.57,4.93,5.33,5.10,5.27,3.20,1.37,2.47,2.73,.48,-.01,.01,43
252,Sneaky,I was going on a trip to the Amazonian rainforest and I couldn’t get an immunization for malaria before I left. When I was at the airport I had to go through a section where they checked your immunizations. I just flashed my records of immunizations quickly and got through.,3.53,3.63,3.73,3.80,1.60,5.10,5.03,4.80,4.10,3.77,2.07,2.93,2.73,.94,-1.02,-.06,50
230,Hurtful to Someone,When my mother was dying she wanted to go out to lunch with me and a bunch of her friends. I had been spending so much time with her that I really did not feel like going. So I told her that I needed some space for myself. ,5.40,4.63,4.83,4.17,1.97,4.80,1.63,5.23,5.87,3.37,1.83,3.10,2.73,.46,1.12,.26,48
178,Took Something,My friends and I were moving out of our apartment that we lived in together. I found out that one of my roommates had stolen all of my CD’s. She wouldn’t give them back so I decided to steal her collection of favorite hats.,4.83,4.80,4.83,4.03,2.07,4.37,4.80,5.33,5.57,3.70,2.33,3.37,2.73,.99,.46,-.14,44
283,Sneaky,I was working at this job that had a very lenient work schedule. So one week I missed a couple of days and they told me that it was okay and I just needed to make up the work. So I tried skipping work again a few months later and I was fired. ,4.07,5.17,3.63,2.33,2.07,4.93,3.27,5.03,5.17,4.53,1.87,3.47,2.73,.58,.36,-.84,53
9,Took Something,"When I was 14-years old, I was living in a foster home. I took twenty dollars out of my foster aunt’s purse without asking her. She was furious and I apologized. ",5.00,4.77,4.53,3.80,2.03,4.07,4.67,5.47,5.63,4.37,2.17,3.63,2.73,.95,.50,-.41,31
96,Took Something,"Back in the late seventies, I was having lunch with my friends at this very nice restaurant. We ordered piña coladas that came in beautiful glasses. So I took two of the glasses and put them in my purse.",3.03,2.77,3.93,5.13,1.53,3.83,5.60,5.30,3.87,4.90,2.73,4.53,2.73,1.25,-1.85,-.03,39
192,Lied,"One particular time in the recent past, my family and I were almost broke. We realized we needed to turn to social services. So, we kind of exaggerated some income figures and I made it appear that there were fewer earnings than there really were.",4.57,4.73,3.87,5.50,2.73,5.67,5.63,5.43,5.33,4.67,1.67,3.70,2.77,.85,.11,1.38,45
5,Cheated,"When I took Spanish in high school, I was a pretty good student. I didn’t like the class much and I didn’t pay attention. So I cheated and I got caught. ",4.27,5.07,2.90,2.90,1.77,4.83,4.03,5.60,4.30,5.20,2.67,4.43,2.77,.81,-.20,-.78,31
122,Sneaky,My mom left me alone one time when she was on vacation. I decided to have a party even though I wasn’t supposed to. I lied to my dad and said that my mom told me I could have the party.,3.53,3.20,3.67,5.07,3.37,5.53,2.87,5.13,5.50,5.23,2.90,4.97,2.77,.23,-.28,1.35,41
23,Cheated,"One time I was playing cards and I didn’t know all the rules. We were playing rummy or poker or something. I’m not a card-playing person, so I cheated to be able to play. ",2.70,3.23,3.50,4.90,1.83,4.10,2.80,5.20,5.40,4.57,2.37,3.50,2.80,.58,-.87,.30,34
107,Regretful,"I left my second marriage and I left my step-kids there too. My youngest stepson has some disabilities, but I left him there. I could not cope with his druggy, drinking father and so I decided to leave everything behind. ",6.13,5.23,5.53,4.43,1.93,5.57,2.73,5.33,6.43,3.40,1.27,2.83,2.83,.61,1.83,.89,40
129,Sneaky,"I was working at a small advertising agency and the owner had his wife on the payroll. She rarely worked and I barely saw her. So, I was curious how much she was getting paid and looked through the record book.",3.13,3.13,2.93,3.93,1.73,4.63,4.20,5.00,4.40,3.20,1.70,3.20,2.83,.70,-1.24,-.10,41
262,Sneaky,"When I was in school, I would pretend to be at home sick. I would have people over and we’d have pizza and watch TV and all that other stuff. If my mom called and I wasn’t there, I would later tell her I went to the store to get soup.",3.33,2.53,2.97,5.23,3.13,5.67,3.37,5.00,5.20,4.73,2.43,3.87,2.83,.20,-.81,1.53,51
238,Sneaky,"When I was about 20 years old I didn’t really want to date just one guy. So I started dating four guys at one time. I snuck around and hung out with each one at different times, but didn’t tell any of them that I was dating the others.",4.37,3.63,4.87,5.33,2.40,5.70,2.07,5.30,6.40,4.40,2.50,4.13,2.83,.34,.70,1.66,49
260,Guilty,"Sometimes I go to the movies, pay to see one movie and then go to a second movie afterwards. I wait until the people at the snack bar aren’t looking and sneak into a second movie. I’ve done it with my daughter a couple of times too and haven’t gotten caught. ",3.30,2.87,3.67,5.53,2.77,5.50,5.20,5.07,4.73,5.17,3.47,4.63,2.83,.71,-1.11,1.40,51
113,Hurtful to Someone,The other day I got into an argument with my mom on the phone. I really don’t like having to face the reality of our dysfunctional relationship. I was really mad at her so I just hung up the phone. ,6.03,5.87,4.87,2.97,1.87,2.57,1.60,4.67,5.83,4.70,2.80,4.50,2.87,.55,1.49,-1.85,40
27,Tempted,I was driving my car and this guy cut me off really badly. We were on the freeway and he gave me the finger. I chased after him in my car for a while. ,5.13,5.17,4.57,2.83,2.10,2.80,4.07,5.07,5.43,5.27,3.40,5.17,2.87,.89,.56,-1.75,34
156,Regretful,I work with a guy at the school that I teach at and he doesn’t teach his classes. He just shows videos and goes into his office and reads. I think that’s wrong but I have never told the administrators at our school.,3.70,4.30,4.33,2.67,2.10,4.70,3.00,4.47,5.37,3.93,2.67,3.77,2.90,.48,.13,-.67,43
30,Took Something,I was on vacation and rented a car. I paid for the parking fee and the guy gave me the wrong change back. I knew he gave me too much but I kept it anyway.,3.03,2.60,4.03,5.33,1.53,2.90,3.77,4.80,5.17,5.00,2.73,4.37,2.90,.83,-1.28,-.17,35
210,Qualms,My friend’s daughter really likes music and asked me if I could make her a CD from the songs on my iPod. The songs that she wanted were not really songs that a young girl should be listening to. But I downloaded the songs for her anyway.,3.17,3.57,4.27,2.17,4.23,4.77,2.37,4.60,5.40,4.17,2.53,3.30,2.93,.03,-.03,-.64,47
193,Guilty,"I was taking a statistics class and the professor’s instructions were very unclear. So, all of the students in the class helped each other on homework assignments and tests. When it came time to take the test we would just give each other the answers. ",3.23,2.77,3.63,5.13,5.03,5.57,4.00,5.30,5.80,4.77,3.23,4.40,2.93,.08,-.42,1.65,45
128,Sneaky,"I went to the movies a couple of months ago, to see a film. When that film was done, instead of leaving the theater, I just went into another of the theaters within the complex. I watched another movie without paying.",2.37,2.03,2.73,5.50,1.40,4.50,4.93,4.50,3.07,5.40,3.77,5.03,2.93,.89,-2.67,.43,41
267,Lied,"Before I was in the actor’s union, I used to lie and say I was in the union anyway. When you are working as an actor doing background work, it really changes how they treat you if you are a union member. So I would pretend I was in the union. ",3.00,2.70,2.80,5.83,1.87,6.03,3.80,5.17,4.80,4.53,1.70,2.77,2.97,.50,-1.19,1.85,51
83,Lied,When I first went to dance school in New York I lied about my age. There is a lot of pressure to be young in the dance industry. I was twenty and told people I was only sixteen.,3.70,3.90,2.90,5.53,2.17,5.60,4.43,5.27,4.70,4.60,1.63,3.00,2.97,.65,-.72,1.28,38
18,Hurtful to Someone,"Instead of contributing more to my mother’s economic stability, by helping her out monetarily in her retirement, I traveled. I spent money on travel, on vacations. Some of that money could’ve gone to her.",4.37,4.00,4.77,5.13,1.63,5.80,1.67,5.20,5.57,3.87,1.73,3.00,2.97,.45,.46,1.32,34
303,Sneaky,"I just moved into a new house and realized that the owners left some large pieces of old pipe in the back yard. The items were much too big to throw in the regular garbage. So when it was dark out, I took the items to the neighbor’s house where they had a huge garbage bin.",2.57,2.97,3.57,5.20,1.80,4.73,3.93,4.83,4.60,4.03,2.50,3.53,2.97,.71,-1.40,.66,56
105,Hurtful to Someone,My friend was always putting down all the men I dated because she was jealous. I confronted her about it and said some really mean comments to her about how no man wants her. I hurt her feelings a lot.,5.80,5.27,5.77,3.17,2.03,4.50,1.63,5.67,5.93,4.23,2.57,3.77,2.97,.62,1.64,-.50,40
15,Embarrassed,"Once when I was little I was caught shoplifting. I stole something small, but the owner of the store saw me and took me up to the front desk. My mother was angry. ",4.60,5.00,4.20,3.30,2.17,3.60,5.10,5.10,4.90,4.53,2.27,4.23,2.97,.98,.01,-1.14,33
110,Took Something,Once I was house-sitting and I took a bottle of perfume from under the sink. I think it belonged to a girl who didn’t live there anymore. I didn’t think anybody wanted it anymore because it was underneath the sink.,2.83,2.80,3.40,5.00,1.90,3.60,4.30,4.90,3.90,3.93,2.13,3.03,3.03,.85,-1.83,-.22,40
187,Tempted,"When I was a football coach, I was often involved with the moms of the kids on the team. There were many mothers that were attractive and made themselves available. I was very tempted to have sex with one mother who came on to me. ",4.40,2.90,3.47,4.53,3.20,4.33,2.60,4.77,5.57,4.10,1.67,3.20,3.03,.11,-.14,.43,45
179,Regretful,I had a cat for two years before someone moved in with me. He didn’t like the cat and he wanted me to get rid of it. So I left the cat at a friend’s house who didn’t even take care of the cat. ,4.77,4.97,4.53,3.17,3.57,4.77,2.60,4.53,5.23,3.97,2.20,3.30,3.03,.24,.73,-.39,44
98,Reckless,A few years ago I was living alone. I had an enormous stereo system in my apartment and I used to turn it up very loud. One night I was drunk and turned it up to its maximum volume. ,2.37,2.43,4.50,3.90,1.53,3.07,3.20,5.47,4.80,4.57,3.43,4.60,3.03,.91,-1.44,-.87,39
149,Sneaky,I was watching a movie at the theater when my girlfriend asked me if I wanted to go see another one. So we snuck out before one movie ended to another movie. So we saw two movies for the price of one. ,2.30,2.30,2.67,5.57,3.20,3.67,4.90,4.70,4.23,5.07,3.50,5.23,3.03,.57,-2.15,.34,42
256,Regretful,"We used to have a built-in swimming pool and my cousins would come swim. One day one of my cousins was getting cold and wanted to leave, and I said that if he did he couldn’t come to swim anymore. He continued swimming and the next day he got really sick. ",3.80,3.73,5.27,2.67,1.47,3.07,1.93,4.53,5.60,3.43,2.27,3.07,3.07,.60,.09,-1.53,51
212,Lied,"I was friends with this guy, Dave, whom my sister was dating. My sister didn’t want me to be friends with Dave because I had dated him once. I lied to my sister that I wasn’t friends with Dave even though I hung out with him regularly. ",4.57,4.03,4.57,4.37,2.97,5.20,1.93,5.23,5.70,4.47,2.33,3.33,3.07,.25,.61,.70,47
77,Qualms,I met this woman on the internet and we became very close. When she came to visit we had sex quite a bit. I didn’t know her health status or if she had any sexually transmitted diseases.,4.70,3.87,3.47,3.87,3.50,4.93,1.70,4.30,5.53,4.97,2.23,4.30,3.07,-.15,.46,.30,37
290,Reckless,"When I divorced my wife she moved out of our house and into a new house with her new boyfriend. She owned the house I lived in and I paid rent. There were some problems with the house that I refused to fix, and I just let the house deteriorate until I moved out. ",4.70,4.47,5.17,3.80,1.57,5.73,3.03,4.80,5.67,3.97,1.60,2.87,3.10,.60,.76,.53,54
120,Guilty,"I was supposed to go see my father before he died. He was ill and my mother was supposed to come into town so we could see him. She didn’t come, so we never made it before he passed away. ",6.20,5.60,4.07,1.93,1.73,3.10,1.70,4.90,5.73,3.27,1.77,3.20,3.10,.40,1.49,-2.05,40
104,Hurtful to Someone,My father is manic-depressive. He was very difficult to deal with and often made life really hard and everyday situations unpleasant. I talked about him in a really negative way because it was so hard for me to deal with.,5.90,5.37,4.77,2.83,1.90,4.50,1.80,4.67,5.30,4.43,2.40,3.63,3.13,.41,1.30,-.85,40
37,Lied,"I work for a data collection agency for market research part-time. I conduct surveys over the phone. I often tell people that it is a brief survey, even though it is actually twenty minutes long. ",2.73,3.30,4.10,4.77,1.97,6.27,2.67,4.83,6.00,5.67,4.10,4.70,3.13,.30,-.20,1.59,35
1,Took Something,"I used to work for the federal government. I used a calculator from work at home for some audits. When I left government services, I kept the calculator.",2.50,2.50,2.83,4.83,1.57,4.20,4.83,4.07,2.63,5.40,3.43,4.77,3.13,.84,-2.63,-.25,28
225,Tempted,I was in the service in Germany and my buddies and I would go to various restaurants and clubs. One night my friends and I went to a whorehouse. I was very tempted to have sex with some of the women for such a small amount of money.,4.17,3.33,2.83,3.80,2.17,3.63,4.00,5.03,5.23,4.53,1.67,3.57,3.17,.49,-.54,-.54,48
170,Guilty,When my sister and I were younger we were playing on a swing set. She was hanging upside down and I told her that I would bet she couldn’t let go. So she let go and she fell five feet to the ground.  ,4.27,4.60,5.43,1.83,1.53,3.00,2.13,4.33,5.70,4.07,2.90,3.73,3.17,.60,.60,-2.10,43
3,Happy,I remember getting married when I was 17 years old. I got married just so I could get away from my mother. I certainly felt relieved to separate myself from her.,5.73,4.13,3.83,5.00,2.87,5.57,1.97,4.43,5.90,3.27,1.53,2.73,3.20,-.05,1.02,1.27,31
134,Guilty,I went out one evening and my daughter had left her perfume sitting out. I took it.  I felt that was not the right thing to do because it actually did not belong to me.  That was not a good memory.,2.77,2.83,3.63,4.73,1.80,2.90,2.93,4.83,4.60,3.63,2.23,3.07,3.20,.65,-1.44,-.63,41
144,Took Something,"When my first husband and I split up, I was seventeen years old with a six-month-old baby and working in a grocery store. Sometimes I would just take things I needed. I remember taking cans of tuna, milk and loaves of bread. ",5.37,4.90,4.03,5.73,3.40,5.63,5.57,5.20,4.73,4.80,1.53,3.57,3.20,.72,.22,1.36,42
216,Responsible,"Last night my partner was feeling really ill. He was shaking and vomiting. I was very nervous so I smoked some marijuana to calm down. I thought this is not right.  If I’m under the influence of anything, I can't respond to him if he gets worse.",4.63,4.40,2.80,5.13,2.37,3.70,5.27,4.20,3.70,4.00,1.97,3.60,3.20,.74,-.99,-.32,47
25,Hurtful to Someone,The other day at breakfast I yelled at my son. It was really early in the morning and he said something disrespectful. So I just burst out at him saying some very hurtful things.,5.63,5.53,5.30,2.17,1.70,2.50,1.93,4.80,5.93,5.30,4.07,4.63,3.20,.62,1.37,-2.25,34
194,Tempted,"A few years ago, I was single and I went to see a friend of mine in the Bahamas. I was extremely attracted to a man I met there who was married. I danced as close to the fire as I could, but I did nothing.",4.20,2.73,3.13,3.83,2.70,3.50,2.20,4.83,5.40,5.30,3.20,4.60,3.23,.12,-.39,-.46,46
300,Sneaky,"I received a very ugly sweater as a gift, which I knew couldn’t have cost more than $15. When I went to the store to exchange it, the salesclerk told me it was $86.  I knew this was incorrect, but I went around the store quickly to pick out something different before they realized the mistake.",3.43,2.73,3.97,5.87,1.63,3.07,4.33,4.47,4.43,4.20,2.83,4.03,3.27,.85,-1.51,.02,56
175,Qualms,"I was working within the insurance branch for this medical company. At one point during my work there, I had to make a decision that would give the company a $100 million write-off. However it cost over 10,000 people within the company their jobs.",5.13,5.07,6.07,3.87,3.03,5.47,2.13,4.07,6.27,3.90,1.37,3.37,3.33,.20,1.56,.53,44
263,Sneaky,"When I was 15 years old, there was this party that I really wanted to go to. My mom wouldn’t let me go, so I snuck out my window. When I came back the window was closed so I had to wake my brother up so he could let me in.",3.97,4.27,2.80,5.03,2.10,5.03,2.87,4.70,5.30,5.23,2.93,4.73,3.37,.25,-.15,.76,51
75,Qualms,"My husband ran a business and I worked in his shop. Once a rather unsavory character came in and handed my husband something. So, I looked through my husband’s wallet to see what the man gave him. ",4.03,3.93,3.30,4.07,2.00,3.87,2.80,4.60,5.00,4.30,2.10,3.30,3.40,.37,-.35,-.45,37
233,Reckless,When I was a sophomore in college I was at a party and got involved in a situation where I had the opportunity to have sex with multiple partners. I had sex with all three of them in the same night. There were no emotional or physical repercussions after. ,4.40,2.87,3.13,4.97,4.10,3.57,2.03,4.73,6.50,3.90,1.97,4.07,3.40,-.26,.18,.49,49
285,Regretful,"I lent my friend a large amount of money to get his car out of impound. He said he would pay me back, but then his wife showed up after several years. She took him for all his money, even the money he set aside for me, and he was embarrassed to tell me. ",4.83,4.93,3.40,2.00,3.33,3.60,3.53,4.40,5.80,3.40,1.73,2.97,3.43,.15,.70,-1.53,54
297,Took Something,"I was in a store with my family. There was a kiosk with a sign saying “Take One”; inside the kiosk was a penknife. My brother convinced me that that was the object that they were giving away, when in reality a brochure was what was free. So I actually stole one of the worker’s penknives.",3.67,3.83,3.70,4.03,2.00,2.53,4.80,4.43,4.73,3.57,2.30,3.17,3.43,.80,-.96,-1.29,56
88,Took Something,"At the gym, a few years back, there was this jacket that was hanging on a hook. I had seen it hanging there for a few weeks and no one claimed it. So I just took the jacket.",2.57,2.40,3.30,5.30,1.37,5.23,4.13,4.23,3.60,4.37,2.87,4.10,3.43,.65,-2.01,.80,38
87,Lied,I was visiting with my grandmother last weekend. I became really tired of talking with her and I wanted to leave. So I told her that I needed to go to work even though I didn’t need to. ,3.73,3.80,3.40,4.90,1.77,3.93,1.80,4.70,5.07,4.87,3.50,4.40,3.43,.31,-.42,.03,38
266,Lied,"Just after Christmas when I was a little boy my parents had to go to a meeting. They told us not to play with the toys that we had received, but we did anyway. When they got home and asked us if we played with our toys we said we didn’t. ",3.50,3.30,2.40,4.73,2.30,4.63,1.80,3.77,4.57,5.10,3.70,4.60,3.43,-.08,-.86,.33,51
133,Tempted,While I was in a relationship I found another man very attractive. I didn’t want to be unfaithful to my partner but I did flirt with this guy a couple of times. I gave him a ride home one day too.,4.20,2.87,3.63,4.27,3.27,4.43,1.80,4.67,5.53,5.40,4.00,5.10,3.43,-.07,-.09,.34,41
142,Lied,"I recently started dating this guy. I have been married three times and told my new boyfriend that I will never marry again. However, I know deep down that I would like to marry again, so I guess that was a lie.",4.87,4.57,3.67,3.07,1.83,4.27,1.63,4.33,5.30,3.83,1.73,3.13,3.47,.16,.55,-.77,42
305,Cheated,"When I was a little kid we used to play the “Seven-up” game at school. You had to put your heads down on a desk, wait until you got tapped on the finger and then guess who tapped you. I always kept my eyes open and looked at the shoes of the person who tapped me.",2.40,2.07,2.37,4.80,1.53,5.43,2.07,4.43,5.03,5.20,3.77,4.40,3.47,.04,-1.35,1.06,56
167,Regretful,My friends and I had made reservations for a large party at a restaurant. Not everyone was showing up and the maitre d’ was getting annoyed. My friend asked me a question and I responded harshly because I was stressed about the situation.,4.77,4.77,4.50,2.33,1.83,2.27,1.43,4.47,5.53,5.40,4.80,5.50,3.47,.38,.60,-2.29,43
137,Lied,"I have had job interviews in the past where I have not mentioned all of my educational training. Particularly, I have omitted the fact that I attended law school. I felt like if they knew that, they’d probably say I was over-qualified.",3.50,3.80,2.67,4.27,2.30,5.80,3.37,4.43,4.47,3.27,1.77,2.97,3.50,.22,-.70,.68,42
234,Guilty,"Right now I am lying to my daughters. I am divorced and in a relationship with this new guy. I don’t want to tell them because even though they are grown women, I’m not sure they are ready for their mom to be with someone other than their dad.",5.37,4.90,3.83,4.17,2.83,5.80,1.73,4.50,6.07,4.67,1.70,3.73,3.50,-.10,1.30,.89,49
295,Lied,I was talking to my brother-in-law about how uncomfortable it was to sleep on a blow up mattress when I stayed at my niece’s house. A few days later I got an e-mail from my niece saying how hurt she was that I didn’t tell her this. I lied and said I never said that. ,4.53,5.03,4.23,3.80,2.80,3.57,1.63,4.60,5.60,4.67,2.97,4.10,3.50,.20,.65,-.74,55
112,Lied,Many times I tell little white lies. Sometimes I give excuses for not being able to do something with friends or family that are not really the truth. I try not to do this but sometimes I can’t help it. ,3.60,4.07,3.90,4.70,1.83,4.63,2.10,4.67,5.37,5.63,4.07,4.90,3.50,.33,-.13,.36,40
292,Sneaky,"I was evaluating whether I should stay in my job, so I took a leave of absence even though I didn't think I wasn’t coming back. One day I received a letter from my boss asking me to tell him if I was coming back. I rushed to the post-office and backdated a resignation letter.",3.90,3.93,3.50,4.53,2.37,4.63,3.07,4.57,4.77,3.53,1.70,2.57,3.53,.35,-.43,.20,55
73,Sneaky,"My husband thinks I shop too much. So now when I go shopping I put the items in the trunk of my car. I take the items out slowly over time, so my husband doesn’t find out. ",3.97,4.07,3.43,4.87,2.27,5.87,1.83,4.43,4.73,4.70,2.70,3.73,3.53,.09,-.14,1.04,37
162,Sneaky,"When I was living in China and attending elementary school, we had to study very hard and go to night classes. Sometimes my friends and I would sneak out of the classroom while the teacher wasn’t in the room. We wouldn’t get caught. ",2.93,2.93,2.30,4.73,3.23,5.10,3.07,4.33,4.70,4.13,2.80,3.80,3.53,-.03,-1.13,.75,43
190,Reckless,"One night I was having sex with my boyfriend. He said that he had a condom on but at the end I found out that he didn’t. I became pregnant and since I just had had a baby recently, I decided to have an abortion.",6.07,5.97,5.20,4.30,3.10,4.53,2.67,4.80,5.87,4.50,1.43,4.17,3.53,.37,1.66,.05,45
55,Hurtful to Someone,"My sister is five years older than I am. When we were little she would always tease me about things. So one day when she was teasing me about something, I threw a pencil at her. ",4.23,3.87,4.50,3.03,1.57,2.67,1.97,4.00,5.27,5.30,4.30,4.83,3.53,.39,-.04,-1.67,36
151,Lied,"I used to have a personal trainer. She was very tall and beautiful. When we would talk about our personal lives I would exaggerate about how many men I’d dated, just to create this image of myself as being this big dater.",3.13,3.23,2.17,4.57,1.67,4.60,1.77,4.17,4.07,4.93,2.40,3.87,3.60,.09,-1.26,.08,42
176,Sneaky,"When I was a teenager, my sister and I used to sneak out the bedroom window to go out dancing. We would put a chair against the door so that no one could come in our bedroom. A couple of times we got caught. ",3.30,3.50,2.70,4.93,2.60,5.40,2.57,4.13,5.30,5.13,2.47,4.73,3.60,-.05,-.50,1.04,44
136,Guilty,"I borrowed a video from some people that I know. I said I would return it to them by Sunday. It is Tuesday and I still haven’t returned the video, but I am hoping to get a chance to return it today.  ",2.50,2.97,3.53,3.27,2.07,3.20,2.50,4.37,5.17,5.70,4.97,5.33,3.63,.29,-1.04,-1.10,42
227,Sneaky,One night I was going out late and I didn’t want my son to know about it. I was a single mom and at that point in time he always seemed to want to act like the parent. So I snuck out of the house to go out. ,4.37,4.33,2.90,4.90,2.40,5.67,2.07,4.33,5.23,3.03,1.33,2.73,3.67,-.05,.18,1.04,48
100,Lied,I had a job working as a server in a restaurant. My co-workers and I would party there after work. Once my boss asked us all where the empty beer bottles came from and I said they were mine. ,3.73,4.47,2.83,2.77,4.40,3.93,3.53,4.07,5.57,4.07,2.40,3.60,3.67,-.14,.04,-.88,39
255,Regretful,"For the past two Christmases we had our family celebration at my sister’s house. I’m not really partial to her husband and their kids are spoiled rotten, which makes for an unpleasant Christmas. So for the last two Christmases in a row, I didn’t go visit that part of my family.",5.00,4.97,3.93,4.40,2.23,6.13,1.50,4.90,5.97,4.83,3.27,4.50,3.67,.02,1.18,1.13,51
58,Took Something,I was playing basketball near a beach. I was hanging out all day when I noticed that there was a basketball that no one had claimed. There was no one around so I took the basketball. ,2.40,2.13,3.23,5.20,1.50,3.20,3.60,3.97,3.30,4.57,3.27,4.47,3.70,.63,-2.47,-.46,36
251,Tempted,"While I was in college, I was in a long distance relationship with a girl. We talked every night on the phone and really tried to make it work. Meanwhile, I was having study sessions with an attractive girl in my class and very tempted to cheat on my girlfriend.",4.67,4.27,3.60,4.07,2.67,4.07,1.83,4.40,5.60,5.33,3.27,4.87,3.70,.02,.42,-.20,50
16,Embarrassed,"I was in an acting class with this girl, and one day she was very upset. She asked me if I would give her a hug. I felt uncomfortable, so I didn’t hug her.",4.57,4.70,4.27,3.03,1.73,2.73,1.40,4.30,5.53,3.20,2.33,2.83,3.73,.28,.47,-1.66,34
28,Unfaithful,When I was nineteen I had a boyfriend for about a year. He moved away and started seeing someone else. I started seeing someone else and I got pregnant. I ended up having an abortion.,5.57,5.40,4.37,4.20,2.93,4.77,2.40,4.17,5.70,4.63,1.57,4.37,3.73,.10,1.21,.14,35
76,Guilty,"My current lover often complains about our sex life, saying we don’t do it enough. Sometimes I will watch online porn and masturbate instead. Sometimes, I feel like it’s just easier and more fun to do that.",4.30,3.53,4.27,5.00,2.30,5.27,2.07,4.33,5.23,4.63,2.33,3.73,3.77,.13,.03,.95,37
163,Lied,"One evening I went out. I told my husband I was going to an audition, but actually, I went out for dinner with a friend of mine. I had to lie, because he would have wanted to go with my friend and me.",4.23,4.33,3.87,5.03,2.53,5.40,1.63,4.93,5.53,4.40,2.73,3.93,3.77,.08,.39,1.03,43
286,Guilty,"I had a party and didn’t invite my friend Anna, because I didn’t think that she would mix well with the other guests. The other guests were all new friends and she was an old friend. I asked one of the attendees not to mention it to her, as he is a mutual acquaintance.",4.03,4.10,4.13,3.87,2.83,5.73,1.60,4.43,5.53,4.63,3.57,4.40,3.77,-.07,.45,.65,54
12,Guilty,I keep promising to take my kids to Disney World. They keep asking me when we are going to go. We still haven’t gone and I still keep telling them we will go.,3.33,3.70,3.60,2.77,2.10,4.73,1.77,3.90,5.77,5.47,3.23,4.43,3.77,-.07,.04,-.44,33
33,Guilty,I ditched school once as a senior. My friend convinced me to ditch school on the last day of the semester. We went to the beach and had lunch. I was concerned about getting caught.,2.73,2.10,2.20,5.17,3.87,4.80,3.30,4.07,4.83,5.80,3.77,5.37,3.77,-.21,-1.46,.98,35
45,Regretful,When I was nineteen I got pregnant. I was with somebody who didn’t really care about me and I really didn’t care for him. So I told him and we decided I should get an abortion.,5.73,5.63,4.80,4.37,3.53,5.40,2.53,4.23,5.90,4.73,1.53,4.47,3.80,.03,1.55,.65,36
215,Lied,"One time I was dating this guy and didn’t want my kids to find out. I was a single mom and didn’t want my kids involved in my personal life. So when they asked me if I was seeing anyone, I lied and told them I wasn’t.",4.90,4.60,3.60,4.63,2.60,5.60,1.80,4.27,5.63,4.17,1.60,2.97,3.87,-.11,.75,.93,47
124,Lied,I had this good friend James who was a really nice guy. Then he got married and kind of changed. I didn’t like his new personality so when he called to hang out I would lie and say I was busy.,4.30,4.37,3.80,4.27,1.90,5.57,1.47,4.13,5.43,5.43,4.03,5.00,3.87,-.02,.44,.64,41
172,Lied,"I used to lie a lot when I was a little girl. My mother left my father when I was a year old. So I used to say that I had a mother and a father, even though my mother and grandmother raised me. ",4.87,4.73,2.40,4.27,1.53,5.60,1.90,4.03,4.27,4.17,1.97,3.17,3.90,.01,.02,.34,44
201,Lied,The other day I found out that my son received a ticket. I was talking to my friend about it over the speakerphone and he walked in the room. He asked me if I was talking about him and I lied and said that I wasn’t.  ,3.63,4.03,3.17,3.77,2.17,2.33,2.00,4.07,5.27,4.67,3.13,3.97,3.90,.15,-.45,-1.46,46
108,Guilty,My friend’s family had a clubhouse in the back of their yard infested with rats. They asked my friend and I if we would kill the rats with shovels. So we went and killed all the baby rats with shovels.,4.60,4.90,3.53,3.07,5.03,5.23,2.23,3.80,4.03,3.10,1.77,2.63,3.93,-.32,.19,-.36,40
243,Lied,"Last year when it was my brother-in-law’s fiftieth birthday, his daughter wanted me to come back to New York for the party. I happened to be in New York at that time anyway, but I showed up at the party as though I had just flown in that day.",3.03,2.50,2.40,4.70,3.60,5.00,1.70,4.10,4.87,3.63,2.00,3.23,3.93,-.40,-.98,.79,49
101,Bittersweet,"I had a sexual encounter with this man named Bill, who was a very strict evangelical Christian. We had been seeing each other for awhile and then had sex. The whole time he was saying how guilty he felt. ",4.90,4.57,3.73,3.63,2.63,4.53,1.83,3.63,5.50,4.20,2.23,3.67,3.93,-.14,.65,-.25,39
258,Tempted,"There’s a chain of Mexican family-owned drive-in type restaurants near where I lived. At the end of each night the lady who owned them went around and did the money collection and the deposits herself. I was tempted to go in her car and steal some of the money, but didn’t. ",3.97,3.57,2.90,3.33,3.23,4.73,3.23,3.90,4.40,3.47,1.70,2.73,3.97,-.04,-.59,-.35,51
114,Took Something,A few years ago I was working for this theater selling tickets. There was this one particular performance where there were a lot of tickets left over. So I took one of the leftover tickets and went to the show. ,2.43,2.30,2.37,5.50,1.83,4.40,4.63,4.07,3.00,4.03,1.77,3.23,3.97,.54,-2.61,.33,40
269,Regretful,"I wish I had stayed connected with the Australian family who hosted me when I was in high school. Although they were kind to me, I was ashamed of being so homesick all the time. I was so glad to get back to the United States that I let the relationship slip.",4.67,4.23,3.10,2.17,2.07,4.20,1.57,3.87,5.53,4.40,2.83,3.67,3.97,-.17,.51,-1.17,52
103,Honest,My mother would always bring home clothes for me that I hated and would never wear. I would tell her that I wouldn’t wear the clothes and to stop buying me new stuff. She would get really mad at me.,4.90,4.70,4.07,3.17,1.93,4.57,1.57,4.07,5.20,4.97,3.50,4.17,4.00,.06,.64,-.60,40
279,Lied,I applied for a position at this company. As it turned out the pay was not very good at all for the amount of work that I was doing. So I lied and told the manger that I had another job offer and I would take it unless I got a raise. ,3.23,3.37,2.80,5.27,1.97,5.33,3.17,4.30,4.93,4.57,2.50,4.27,4.00,.15,-.84,1.06,52
10,Regretful,"A drunk driver killed my girlfriend. The night that this happened, my girlfriend and I got in a really big fight. We said goodnight angry and I let her drive home alone.",6.43,6.47,4.50,1.53,1.53,1.63,2.03,3.37,5.77,3.17,1.27,3.20,4.03,.28,1.66,-3.28,32
63,Took Something,"I was in a store and I found something I wanted, but it was expensive. I took it and put it in the box of an item that was cheaper, and I paid for the cheaper item.",4.53,4.63,3.40,4.27,3.93,5.17,4.33,4.30,4.67,2.77,1.50,2.47,4.10,.12,-.03,.35,37
72,Took Something,I was working at the racetrack in a snack stand. The policy was that any leftover food had to be disposed of. Instead I gave leftover salads to my co-workers and as a result I was fired. ,4.57,4.97,2.70,2.43,4.77,5.13,4.13,3.77,5.67,4.47,2.60,3.70,4.10,-.35,.63,-.38,37
205,Lied,"Recently I was supposed to go to a meeting with a whole bunch of people who are not my friends, just acquaintances. I really didn’t want to go. So I emailed the group saying that I had to work that day, when in reality I didn’t. ",2.73,3.00,2.63,4.60,1.83,5.40,1.90,4.27,5.27,5.30,4.70,5.43,4.10,-.10,-.80,.86,46
24,Regretful,"I had an abortion during my divorce. I am pro-choice, but I think that children are the future and that life is very important. I just couldn’t have a child at that time though. ",6.03,5.57,4.80,4.40,2.33,5.53,2.50,3.73,5.20,4.67,1.53,4.20,4.13,.13,1.29,.49,34
29,Proud,About a year ago I started re-selling medications from a Canadian pharmacy. I helped a great deal of elderly people so that they didn’t have to pay exorbitant amounts for their medications that they needed.,4.03,2.70,3.07,4.87,5.57,6.07,4.93,4.13,6.07,3.50,1.57,2.97,4.20,-.43,-.10,1.88,35
158,Worst Thing,"I found out that I was pregnant for the second time. It was just barely 9 months after I had had my son. I was not financially capable of raising a second child so soon after the first, so I had an abortion.",6.13,5.40,5.03,4.10,2.67,5.63,2.60,4.20,5.33,5.00,1.67,4.53,4.20,.14,1.42,.49,43
177,Regretful,"My grandfather was very sick and had to have an angiogram. My grandmother didn’t know what that type of procedure was, so I told her it was nothing to worry about. My grandfather ended up dying and my grandmother was very surprised and upset. ",6.27,5.80,4.90,2.20,2.27,3.43,1.73,4.00,6.03,4.03,1.93,3.37,4.23,.08,1.82,-1.69,44
51,Tempted,I was in the painting business. My company and I would often go into homes and paint. Once we found a very large sum of money in a house and I was tempted to take it.,3.97,3.23,2.80,3.90,2.93,3.07,3.30,4.07,4.27,3.97,2.40,3.43,4.27,.11,-1.04,-1.02,36
171,Took Something,"I once took a Post-It pad from a job I was working at. I was given a big supply of them and I wasn’t really likely to use them at work. It was just a Post-It pad, so I took one home with me.",1.77,1.83,2.10,4.63,1.53,4.30,3.97,3.20,2.43,5.90,5.00,5.50,4.27,.32,-3.13,-.29,44
245,Doubtful,"During the Vietnam War, I received a ministerial deferment and got out of going to Vietnam. I felt very guilty and as though I should be in the army fighting. So one day I went to the recruiter’s office and joined the army without revealing that I had a deferment.",5.07,4.57,2.53,3.77,3.60,5.50,3.23,3.90,4.00,2.30,1.23,2.00,4.30,-.18,-.06,.12,50
79,Lied,I had a boyfriend who was an alcoholic. When I broke things off he was literally stalking me. So I told him that I had cheated on him just to try and get him off my back. ,5.53,5.47,4.00,5.00,2.27,4.87,1.83,3.80,5.70,3.17,1.63,2.97,4.33,-.06,1.14,.55,37
224,Doubtful,I found out that my friend had said some mean things behind my back. I wanted to tell my other friend that this mutual friend of ours had said some mean things about me behind my back. I still haven’t decided if I should tell her or not.,4.93,4.83,3.30,3.37,2.77,4.87,1.77,3.47,5.03,5.03,3.57,4.63,4.47,-.30,.56,-.34,48
265,Hurtful to Someone,"My ex-husband and I were going through some financial difficulties. I asked him to sell a gun to get some extra money for our family, but he refused to sell it. A few years later he sold the gun to buy me diamond earrings and I refused to accept the gift. ",5.37,5.03,3.27,3.03,2.63,4.00,1.73,3.40,5.13,2.60,1.50,2.53,4.50,-.27,.72,-1.02,51
239,Sneaky,"When I knew that I was going to divorce my ex, I started a credit card account in my name that he didn’t know about. I hid away some money that I would save and I would stash it away. This way I would be prepared for the divorce.",4.70,3.70,2.93,5.83,1.77,6.50,2.30,3.67,4.63,4.30,1.60,3.00,4.53,-.17,-.16,1.89,49
123,Sneaky,"I can remember during Christmastime, I used to sneak downstairs to try to look at the gifts before everyone else got up. I’d sneak downstairs and look at my gifts or try to sneak and see what they were putting out.",3.03,1.97,1.77,5.00,1.50,5.37,1.53,3.30,3.40,5.80,4.20,5.47,4.53,-.29,-1.90,.73,41
157,Regretful,"A few years ago my aunt was diagnosed with breast cancer. She swore me to secrecy that I was not to tell my father. So I didn’t tell him, even though he would really want to know that, because I promised my aunt. ",5.73,5.10,3.80,2.60,4.03,5.50,1.80,3.53,5.53,4.10,1.93,3.37,4.57,-.56,1.40,-.20,43
287,Honest,For several years my friend and ex-roommate from college had been acting very strange towards me. She seemed jealous of my art career and my sister’s success as well. One day I was very frank and told her how she was acting—she told me it was because her husband had been beating her.,5.83,5.30,3.67,3.27,3.53,4.10,2.37,3.33,5.90,3.80,2.13,3.50,4.60,-.37,1.31,-.64,54
68,Guilty,There have been several times when I have been walking down the street and a homeless person has asked me for money. I have never given him or her money. I just walk by him or her.,3.43,3.47,3.10,3.00,1.80,4.60,1.57,3.13,5.13,6.03,5.47,5.77,4.60,-.30,-.36,-.56,37
240,Worst Thing,My mother has been ill for quite some time and I have been taking care of her and making sure she makes it to all her appointments. My mother made an appointment for the acupuncturist but didn’t want to go. I got angry with her and made her go. ,5.13,5.00,3.10,3.30,4.63,3.23,1.73,3.27,5.63,3.87,2.27,3.30,4.63,-.62,.80,-1.07,49
276,Took Something,I was working at a fast food restaurant and the policy was to throw away the excess food at the end of the night. Even if there was a large quantity of food left over you had to throw it away. Instead my friend and I would take home the extra food.,2.47,2.27,1.70,5.83,3.83,5.53,3.73,3.33,4.27,5.00,3.00,4.27,4.63,-.41,-1.84,1.57,52
54,Qualms,"I was cashing a $1000 check one night when I got robbed at gunpoint. The next time I cashed a check there, I saw a fifty-dollar bill in the parking lot. I took the fifty-dollar bill. ",4.57,4.03,2.77,4.93,2.17,2.47,2.77,3.40,3.17,2.90,1.80,3.03,4.67,.20,-1.24,-1.27,36
274,Worst Thing,"I told my father that my mother had an affair. I believe my mother had already told him about it, so I don’t feel so bad. I did mention it once, and I realized it was not my place to tell him. I never talked to him about it again after that.",5.93,5.63,5.20,2.47,4.10,5.20,2.00,4.17,6.13,3.53,1.73,2.97,4.83,-.31,2.00,-.38,52
180,Guilty,I teach at a bible college where some of my students can’t pay for their classes. So I covered them and told them that they could pay me later. I lied to the school and said that the students had given me the money.,3.93,3.63,2.23,3.27,6.17,5.40,3.03,3.57,6.13,2.63,1.53,2.47,4.87,-1.03,.33,.58,44
118,Compassionate,"I was dating this guy who was having a nervous breakdown. His mother asked me if I would move in with him, cook for him and make sure he was okay. So I moved in with him for a while. ",5.57,4.90,2.20,2.90,5.80,4.57,1.87,2.87,5.80,2.87,1.43,2.67,4.87,-1.15,1.14,-.37,40
130,Guilty,"When I was a kid, my brother used to drink a lot. He’d come to visit for the holidays and get really drunk. So I poured his alcohol down the drain and told him it was our aunt who did it.",4.97,4.60,3.03,4.37,4.43,4.90,2.17,3.70,5.47,3.83,2.03,3.20,4.87,-.60,.62,.45,41
70,Tempted,"A few years ago a woman under the age of eighteen wanted to have sex with me. I wanted to have sex with her and was tempted. Yet, I was too afraid I would go to jail. ",4.70,4.40,2.83,3.90,3.37,4.83,2.33,2.80,5.60,4.70,1.90,4.23,4.87,-.60,.46,.14,37
185,Tempted,"I was very tempted to lie to get into a focus group that was on television shows. My background is in television but they were advertising for people who weren’t in the business. I got recruited to go and almost went, but decided against it. ",3.47,3.60,2.33,2.77,3.00,4.83,2.27,2.87,4.23,3.47,1.97,2.80,4.90,-.50,-.75,-.69,45
241,Compassionate,"When I was younger I stuttered and eventually overcame this problem. Once when I saw another kid at school being made fun of for stuttering, I yelled at the bullies. I slammed the kids up against the wall and told them never to make fun of the boy again.",5.77,4.87,4.30,3.90,4.97,3.47,2.70,3.57,5.90,3.80,2.17,3.37,4.93,-.44,1.14,-.53,49
126,Tempted,"I had a really good friend who had a beautiful wife. I was so tempted to try and start something with her. I didn’t try anything though, because I knew that if I did I would have to face my friend. ",4.53,4.40,2.10,3.13,3.53,5.27,1.83,3.17,4.83,4.43,2.20,3.67,4.97,-.72,.17,-.16,41
184,Regretful,"When my brother was about to marry my ex-sister-in-law, my entire family was against their decision. I approached my brother and asked him if he was sure he wanted to marry this girl. He got angry with me and said of course he did.",5.33,4.93,3.47,2.80,3.73,4.77,1.50,3.73,5.93,4.00,2.50,3.93,4.97,-.61,1.26,-.42,44
138,Tempted,I was tempted to cheat on my girlfriend a few years ago. I met someone else who I became friends with who invited me to go on a trip with her. I almost went but ended up telling her that I couldn’t.,4.83,4.10,2.70,3.83,3.33,4.37,1.53,3.13,5.27,4.43,2.73,3.93,4.97,-.65,.30,-.19,42
106,Tempted,This guy wanted me to go to Columbia with him and bring back some diamonds. I was tempted to go because there were hundreds and thousands of dollars involved. I decided not to go because it seemed a bit questionable. ,3.97,3.60,2.33,4.17,3.33,5.57,2.93,2.87,5.13,2.20,1.50,2.27,5.07,-.62,-.28,.70,40
309,Regretful,"My dad moved to Los Angeles where I lived to reach out to me. His life had always been about him, and he had molested me when I was very little. One day I got this intuition that I would never see him again so I told him that I loved him. He passed away 2 months later. ",6.47,5.13,2.37,3.80,4.27,3.83,2.03,3.03,5.63,2.80,1.53,2.73,5.07,-.80,1.21,-.49,58
43,Honest,"I’m interviewing for different jobs right now, in addition to my part time job. In the interview process, I’ve been tempted to lie about things. But I haven’t because I know employers check an applicant’s credentials.",3.37,3.33,2.03,3.57,2.97,5.17,2.13,2.73,4.17,4.90,2.67,4.30,5.07,-.61,-.95,-.06,36
85,Honest,"One time my brother got caught stealing something when I was with him.  My parents asked me what happened, so I had to rat on him and tell them the truth. He got in a lot of trouble.",4.53,5.10,4.57,3.03,2.77,3.33,2.00,4.00,5.63,4.27,2.43,3.83,5.10,-.04,.71,-1.31,38
146,Hurtful to Someone,"I was in a relationship with my best friend’s cousin. She was really beautiful, but as time went on I became less attracted to her. I tried to tell her I didn’t really want to see her anymore and she flipped out. ",5.27,5.30,4.87,3.97,2.37,5.20,1.37,2.83,5.60,5.03,2.90,4.30,5.10,-.33,1.24,.16,42
82,Tempted,"When I was younger there was an older man who really liked me. He would always buy me flowers, and I was tempted to have a relationship with him. I didn’t though because he was a married man.",4.77,4.47,2.47,3.23,3.57,4.97,2.23,3.37,5.73,4.77,2.20,3.93,5.13,-.69,.62,-.08,38
271,Sneaky,I remember a couple of times my husband and I have brought backpacks with sandwiches and snacks into the movie theater. We do it out of necessity because we don’t have a lot of money and cannot afford theater food. So as soon as the movie starts we take out our snack.,2.57,2.63,2.20,5.47,1.60,6.43,3.10,3.20,3.50,5.57,5.03,5.57,5.17,-.16,-1.86,1.50,52
280,Lied,"When my daughter was about two years old, she heard my wife and I making sexual sounds late at night. She woke up and she came into the room. She didn’t see much of anything but asked what we were doing, so I told her I was having a bad dream about monsters. ",4.03,4.53,2.37,3.63,3.37,2.77,1.53,2.50,5.33,4.67,1.93,3.50,5.20,-.67,-.07,-1.29,53
97,Honest,"A few years ago I decided to move in with the man who became my first husband. When I told my mom she cried. I wanted to be honest, but she was upset that we were moving in together. ",5.37,4.70,3.43,4.13,3.17,5.73,1.67,2.87,5.43,5.27,2.57,4.90,5.20,-.67,.93,.68,39
93,Unfaithful,I was engaged to a man named Rick when I was nineteen. I was going to marry him when I met another man. I realized that I wasn’t ready to get married so I broke things off with Rick. ,5.50,4.80,4.50,4.93,3.60,4.37,1.53,3.87,5.93,4.43,1.97,4.07,5.23,-.39,1.14,.44,39
220,Happy,"I was trying to decide whether or not to move out of the city (away from my ex-husband), with my kids. I couldn’t decide what to do because of varying ramifications with staying and going. Ultimately I took a risk and decided to move me and my kids.",5.80,4.57,3.20,4.80,4.17,5.97,1.90,2.80,6.03,4.30,1.47,3.60,5.27,-.94,1.27,1.39,48
310,Guilty,"In the 2nd grade, my parents would give me money to purchase a hot lunch at school. I used the money not only to purchase a hot lunch but also two ice creams afterwards. I felt really bad so I wrote them a letter explaining how I had used the money that they had given me for lunch. ",4.30,4.40,2.10,4.13,2.80,4.77,1.80,3.20,4.00,4.10,3.17,3.37,5.33,-.50,-.45,-.18,58
270,Sneaky,"At a festival I went to, there was a contest where you could win a free one-year subscription to Book Magazine. You had to answer some literary questions. So I picked up the questionnaire and about four of my friends and I filled it out and ended up winning the free subscription. ",2.57,1.60,2.07,5.70,3.60,4.27,2.23,2.40,4.77,4.43,2.63,3.43,5.33,-.80,-1.74,.92,52
169,Hurtful to Someone,I was working at a Christian church with another couple. There was a problem where the husband was stealing money from the church and the wife wasn’t doing anything about it. So I went to the police and pressed charges against the husband. ,5.37,4.63,4.60,3.57,4.53,5.40,1.73,2.90,6.00,2.80,1.87,2.90,5.37,-.79,1.36,.41,43
248,Honest,"I almost lied on a job resume. I put on there that I had this school background that I didn’t and had more skills than I actually did, because I wanted to look better on my resume. In the end I decided to change it back right before I applied.",3.57,4.07,2.13,3.53,2.97,5.13,2.30,3.10,3.40,4.27,2.17,3.80,5.37,-.44,-1.01,-.37,50
197,Compassionate,My children’s father and I had separated. There had been volatile times when we were together and some violence and abuse. There was a time when I set aside all my feelings of angst and the history of our pain and met with him to talk.,6.17,5.30,2.73,4.40,4.20,5.53,1.67,2.67,5.70,4.43,1.73,3.80,5.40,-.99,1.41,.76,46
282,Regretful,After my father became a widower I would try to do things for him. He would ask if I was doing okay and I would always lie and tell him I was even though I wasn’t. But I wanted to make sure that he was happy and wasn’t depressed about losing my mom.,5.97,4.63,2.23,2.80,4.97,5.73,1.53,2.73,5.37,4.90,3.10,3.97,5.43,-1.24,1.18,.12,53
209,Proud,"My husband had a problem with always wanting new computer equipment, what I called “techno-lust”. It was a really huge financial problem, and I told him he had to go on a 5-year plan to financially police himself or I would divorce him. He has greatly improved.",5.03,4.50,2.87,5.13,5.00,5.73,1.80,2.77,5.73,4.40,2.30,3.43,5.50,-1.08,.80,1.41,47
191,Tempted,"I was working with a man professionally in music. At one point he decided that he didn’t want to work with me anymore, which made me resentful. One time after that, I had the opportunity to really embarrass this guy, but I decided not to. ",4.30,4.40,1.90,3.13,3.80,4.20,1.57,2.40,5.20,3.87,2.77,3.43,5.53,-.98,.12,-.70,45
223,Regretful,"A few years ago, I was working at a particular job where a much younger man was working. He was quite a bit younger than I was and he wanted to date me and fool around. I was tempted but I didn’t take him up on his offer.",4.27,3.50,2.07,3.40,2.67,4.47,1.60,2.37,5.00,4.70,2.57,4.07,5.53,-.83,-.25,-.41,48
160,Compassionate,"A few years ago, my cat was very ill. I had just brought home my newborn baby and my cat was becoming progressively sicker. I really didn’t want to, but for the sake of my baby’s health, I put the cat to sleep. ",5.77,5.80,3.20,3.90,4.33,5.10,1.60,2.50,4.33,3.70,1.57,2.90,5.63,-.80,.87,-.15,43
278,Honest,"I was at an office party and the company had decorated a room for a fancy dinner. At the end of the night my friend said that we could take the candles that were on the table. She didn’t know that we weren’t supposed to take the candles, so we returned them. ",2.27,2.83,1.87,2.40,3.33,3.37,2.03,2.57,4.20,3.57,2.33,3.20,5.63,-.70,-1.58,-1.63,52
195,Compassionate,I started writing early in the year to a friend’s brother-in-law.  This guy is in prison and his mother passed away; he was only able to attend her funeral. I helped him out with the funeral and wrote to him to make him feel less alone. ,5.17,2.80,1.47,3.50,5.83,5.17,1.73,2.33,5.60,2.80,1.73,2.60,5.67,-1.60,.28,.52,46
94,Compassionate,"I have cared for my ill husband in the past, and present. We got divorced, but he was very ill and I continued to take care of him. He was someone who really needed help and didn’t have anyone.",6.07,4.20,1.77,2.93,6.30,5.43,1.37,2.40,5.37,3.03,1.87,2.47,5.73,-1.64,1.07,.17,39
165,Virtuous,"One Christmas, my friend Sarah and I wanted to do something nice for someone. So we went to the post office where they had letters to Santa. We read the letters and answered some of the wishes from the kids in the letters. ",4.40,1.60,1.67,4.23,6.07,5.90,1.83,1.97,6.07,3.57,2.07,2.40,5.77,-1.79,-.07,1.59,43
32,Compassionate,There is a stray cat that comes to my door sometimes. I have been feeding the cat and noticed she became very ill. I ordered some antibiotics from the vet and gave them to her.,4.43,2.93,2.10,3.13,4.10,5.00,1.57,2.30,2.73,3.17,2.63,3.40,5.77,-.93,-1.15,-.59,35
237,Virtuous,"I recently moved into a new residence and became really good friends with a woman who lived there named Sheryl. However, whenever I talked to Sheryl she would always talk about other people in a negative way. So I confronted her and told her that I didn’t like it.",4.63,4.33,3.30,4.33,3.90,5.23,1.63,2.70,5.70,4.27,3.33,3.97,5.83,-.91,.62,.63,49
281,Responsible,"The day after I married my ex-husband, his previous girlfriend came to our house and dropped of their three-month-old son. We didn’t see her again for eleven years and I became wife and mom. The child was extremely undernourished and has ADHD, but I took care of him like he was my own. ",6.23,4.40,2.07,3.83,6.17,3.30,1.97,2.80,6.20,2.90,1.33,2.57,5.87,-1.36,1.16,-.43,53
2,Compassionate,"My friend’s son was charged with shooting someone. In reality, he did not shoot the person. I went to every court appearance with my friend in support of her son.",5.73,4.30,2.07,3.40,5.67,5.37,1.87,1.83,5.83,3.37,1.70,2.67,5.93,-1.56,1.07,.39,30
273,Compassionate,My friends and I were going skiing over the Christmas holiday. On our way up we were in a car accident and a small child in another car was killed. I felt so sorry for the mother and tried to comfort her the best I could on the scene of the accident. ,6.63,5.70,4.87,2.57,3.83,1.73,1.93,2.37,6.23,3.33,1.47,3.30,5.93,-.56,1.79,-2.37,52
13,Compassionate,"During my commute through downtown, I see a lot of homeless people. One day I was driving and saw a homeless woman walking her dog. I pulled over and gave her some money. ",4.00,2.40,1.50,3.10,5.30,3.27,1.47,1.83,5.43,4.30,3.27,4.57,5.97,-1.51,-.52,-.84,33
111,Virtuous,"One time at one of my friend’s parties and went to the restroom. While I was in there, I saw a purse lying there, with a wallet inside. I was tempted to take the money inside the wallet but didn’t. ",3.33,3.13,2.00,3.13,5.13,3.27,1.70,2.07,4.30,4.10,3.13,4.30,6.00,-1.15,-1.02,-1.21,40
61,Happy,When I was in my twenties I met a girl who had run away from home. She was 16 and we became very good friends. I convinced her eventually to go back home to her family. ,5.07,2.70,1.80,3.23,5.63,4.30,1.67,2.00,5.83,2.80,1.43,2.30,6.03,-1.61,.27,-.08,36
257,Honest,"When I was getting married, my husband-to-be and I had to sit down with the minister and talk about our vows. I was reluctant to do this because of my past negative experiences with the church.  I had become a pagan.  But I discussed this openly and the minister embraced me. ",5.07,3.67,1.73,4.87,4.67,4.37,1.50,2.13,4.97,3.57,1.90,2.70,6.03,-1.28,-.02,.40,51
311,Virtuous,"At a restaurant, when the waitress returned with my change, I was positive she was $10 short. She disagreed but gave me the $10. I told her that if the register was $10 short tonight I’d give it back to her. When I came back the next day, she said I was wrong so gave her the $10.",3.37,3.17,2.20,3.20,4.83,3.90,1.77,2.27,5.10,2.60,1.97,2.73,6.07,-1.18,-.58,-.65,58
164,Proud,I had a bad relationship with my father and had not talked to him for years. He had left my mother. When my mother died I gathered the strength to call him and tell him that she died and that I loved him. ,6.50,4.77,1.93,4.90,5.47,5.60,1.43,1.93,5.90,3.60,1.57,2.97,6.07,-1.60,1.42,1.25,43
293,Compassionate,"Three years ago I had a call from a friend of mine who was overseas. His nephew was coming over to the States to go to medical school near me. So when his nephew arrived, I just kind of stopped my life for a few days and did things to make this kid’s life work.",3.57,3.10,1.40,3.23,6.33,4.77,1.40,1.90,5.80,3.27,2.23,3.03,6.10,-1.78,-.10,.14,55
308,Happy,I was friends with a woman who wanted to pursue her acting career. She was going to pawn this ring that was in her family for years. I didn’t want her to pawn the ring so I gave her $200 and said that I would hold on to it for her until she could pay me back.,3.87,2.80,1.77,2.80,5.40,4.23,1.63,1.80,5.27,3.40,1.93,2.93,6.13,-1.52,-.36,-.53,57
183,Compassionate,Just a few weeks ago I got a call from my friend’s niece. She was living in my town and having some financial difficulties. I told her that she could come live with me for one week just until she got her act together. ,3.50,3.07,1.77,2.73,5.60,4.57,1.50,2.03,5.73,4.07,3.03,3.87,6.13,-1.58,-.14,-.29,44
214,Compassionate,I knew a couple and their child through one of those “save-a-child” foundations. The family decided to move to California and I knew they were going to have a really hard time finding work. So I sold a bracelet that I had and sent them the money. ,4.70,2.70,1.67,3.30,6.17,5.47,1.23,1.63,5.97,2.83,1.87,2.93,6.17,-1.93,.39,.67,47
272,Compassionate,"My very close friend has been going through menopause pretty intensely and she is pretty stressed out. She has been very hard to deal with, so I decided to talk to her about it. I was afraid she might blow up at me but she listened to me with an open heart.",5.20,3.93,1.83,4.87,5.53,5.57,1.50,1.87,5.70,4.03,1.60,2.73,6.20,-1.62,.62,1.27,52
231,Compassionate,"I was in an automobile accident in the early 80s. It was pouring rain, and I rear-ended a stalled car in the fast lane on the freeway. I helped the woman out of the car and made sure she was alright and cared for her until the paramedics came.",5.27,4.50,3.30,3.57,5.37,2.83,1.67,1.70,5.57,3.60,2.17,3.40,6.23,-1.20,.65,-1.12,49
145,Virtuous,I was at the pharmacy buying something and I noticed a man who was sitting outside selling trinkets. He was homeless and it was freezing out. So I went next door to a store and bought him some food and new clothes. ,4.50,2.33,1.37,3.33,6.30,3.40,1.27,1.57,5.63,3.00,2.60,3.67,6.23,-1.84,-.23,-.52,42
109,Qualms,"I was helping out a buddy of mine financially. I loaned him a good amount of money, but I expect him to pay me back. I just hope that it will work itself out but, at this point, it hasn’t. ",3.13,3.00,1.70,2.40,5.90,5.23,1.63,2.03,5.53,5.00,4.07,5.03,6.23,-1.65,-.27,-.10,40
289,Proud,"As a lawyer I often tackle cases that are much more challenging, much more difficult than the ability of the client to pay for the services. I just feel that some cases should be done at a reduced rate. So I try and fight for people’s rights even if they cannot pay me fully.",4.70,2.53,1.53,3.67,6.37,5.97,1.63,2.23,6.20,3.17,1.83,3.23,6.27,-1.91,.43,1.26,54
302,Proud,In my last job I got written up for something that I think I should not have been written up for. Then the company wanted me to sign a document basically saying that I agreed with what they had said in the statement. I stuck up for myself and told them I would not sign it.,4.83,4.67,2.23,4.97,2.23,4.33,1.60,2.33,4.50,3.67,2.07,3.33,6.27,-.70,-.11,.01,56
117,Compassionate,"I used to rollerblade to work everyday. On my way to work I used to pass by this homeless woman named Lulu. Sometimes on my way home from work, I would sit and talk with her to keep her company.",4.13,2.17,1.63,4.13,5.67,4.77,1.33,2.17,5.60,3.10,2.60,3.40,6.27,-1.67,-.31,.66,40
199,Compassionate,"About ten years ago, I had a friend who was a musician. She was struggling and wasn’t making any money. We had a nice time together and I enjoyed her company. At that time, I was making money, so I decided to give her some money. ",3.97,2.63,1.40,3.00,6.03,5.40,1.40,1.63,5.70,4.47,3.07,4.03,6.30,-1.89,-.04,.41,46
312,Virtuous,"When I met my husband online, there was a six-month period of time where we were conversing on the phone and online because he lived overseas.  During that period, we got closer and we actually made a promise to each other that we wouldn’t date other people even though we’d never met face to face. We kept our promise. ",5.10,2.13,1.43,5.57,5.60,6.23,1.27,1.83,5.63,3.23,2.20,3.10,6.33,-1.87,.07,2.26,59
268,Honest,"I am a lawyer but I’m not licensed yet because I haven’t taken the bar exam. I went for an interview and the company wanted to know if I would be staying with the firm for ten years or more. I knew I wasn’t going to, so I told them this. ",2.83,3.13,1.63,3.00,4.17,4.47,1.40,1.93,4.97,3.60,2.57,3.27,6.33,-1.31,-.80,-.51,51
48,Reckless,I was in Barcelona with my girlfriend and we were walking down the street. A man grabbed my girlfriend’s backpack and started running down the street. I ran after the robber and he dropped the bag.,4.60,4.00,2.70,4.70,5.60,1.90,1.90,2.23,5.60,3.27,1.90,3.37,6.33,-1.13,-.01,-.97,36
20,Compassionate,A woman at work would always bring in pictures of her dogs. One day she had to make the decision to put her dogs to sleep. So I cried with her and comforted her. ,5.83,4.53,1.90,3.27,5.30,3.53,1.37,1.67,5.70,4.27,2.47,3.83,6.33,-1.53,.91,-.83,34
99,Compassionate,A couple of weeks ago I passed by a homeless man who was sitting outside. I had this really cold bottle of water with me and it was very hot out. So I gave him the bottle of water. ,3.40,2.07,1.40,2.93,6.03,2.57,1.40,1.53,5.30,3.67,3.40,4.20,6.33,-1.68,-.93,-1.28,39
53,Compassionate,"My next-door neighbor, Beth, was going through some very hard times. I’m not the kind of person to hug people, but one day she came into my apartment very upset. So I gave her a hug. ",4.83,3.03,1.37,3.03,5.50,2.47,1.37,1.70,5.23,4.43,4.23,4.27,6.33,-1.56,-.23,-1.45,36
294,Proud,About 10 years ago I was riding my bike and passed a Ford truck with the keys in the door. So I went into the apartment building facing the street and asked the man inside if he had a ford truck. He did and he went outside to get his keys out of the car.,2.10,1.80,1.40,2.83,5.93,3.03,1.30,1.77,5.43,3.23,2.73,3.43,6.37,-1.66,-1.33,-1.02,55
301,Honest,"I bought a pair of shoes and the lady was busy, so she charged me the wrong price for the shoes. I didn’t want to cheat her so asked her if she was sure that this was the right price for the shoes. It was the wrong price and she corrected the price and thanked me. ",2.83,2.53,1.43,3.17,5.53,2.77,1.43,1.73,5.07,3.67,3.53,4.03,6.37,-1.50,-1.12,-1.20,56
307,Proud,I was on the beach one day and saw a small dolphin roll up on the beach. I alerted the lifeguard and he said that it happened all the time and it would just die. I decided I would save this dolphin and spent hours helping it get past the break so that it could swim away.,5.40,3.90,1.60,3.93,4.93,3.50,1.43,2.03,2.77,1.97,1.37,2.00,6.40,-1.14,-.80,-1.11,57
154,Compassionate,I worked at a job where I spoke with customers over the phone. One of my customers was in need of help because he was stranded in Romania. I did whatever I could to connect this person to people who could help him.,4.30,2.27,1.70,3.20,6.23,3.87,1.77,1.70,5.67,3.33,1.87,2.53,6.40,-1.75,-.25,-.31,43
221,Tempted,I was tempted not to tell the bank that they had made a $1200 error in my favor. I wanted to withdraw the money but at the same time I didn’t want to go to jail. But I ended up calling the bank and told them the error.,4.10,3.97,1.83,3.70,4.97,5.23,1.53,1.73,3.87,2.60,1.83,2.83,6.43,-1.35,-.52,-.01,48
132,Tempted,For a while I was a security officer at a bank. One day I was walking by the front door when I saw a fifty-dollar bill. I was tempted to take the money but instead I reported it to the manager. ,3.10,2.77,1.60,3.27,4.37,2.83,1.37,1.97,3.90,3.27,2.43,3.50,6.43,-1.15,-1.49,-1.49,41
40,Compassionate,"A few years ago my mom fell. She hurt herself badly. So I moved up to where she lived and took care of her, watched over her and basically helped nurse her back to health. ",5.33,3.23,1.53,3.83,6.57,5.67,1.37,1.53,5.87,4.60,2.40,4.27,6.43,-2.03,.68,1.00,35
291,Proud,"I went to the grocery store and got all of my groceries and went to the checkout. I gave the cashier a twenty-dollar bill and she gave me back too much change. I was really tempted not to tell her about her mistake, but I ended up telling her she gave me too much change.",3.13,3.40,1.57,3.03,5.47,3.23,1.37,1.70,4.80,4.13,3.27,4.40,6.47,-1.47,-.80,-1.19,55
69,Compassionate,"Every year around Thanksgiving and at Christmas too, I go to the downtown area. I help serve food to homeless people. I spend the day at the shelters and serve the food to people who come in.",3.87,2.00,1.33,4.20,6.33,6.30,1.17,1.50,6.30,5.00,3.47,4.97,6.47,-2.16,.04,1.79,37
182,Honest,"A couple of years ago, when I went grocery shopping, I realized that there was a cart in the parking lot that had not been claimed. It was full of groceries. So I brought the cart back inside and gave it to the manager. ",2.53,2.20,1.47,3.03,5.27,2.70,1.43,1.53,3.97,2.57,1.80,2.50,6.50,-1.39,-1.80,-1.55,44
226,Virtuous,I was in a parking lot and found a wallet with some money and an ID. I was near a market so I went down to the market to see if I recognized the person on the ID. I found the woman and gave her back her wallet. ,3.00,2.20,1.30,3.23,6.40,3.10,1.37,1.47,5.47,3.53,2.83,3.77,6.50,-1.81,-.92,-.78,48
196,Compassionate,"When I was living in Detroit I lived next to this wonderful, loving person. She was a single mother of two children, one of whom was severely ill. The whole neighborhood felt very compassionate to her and we helped her with little things around the house.",5.37,2.70,1.47,3.60,6.27,5.40,1.23,1.60,5.97,3.90,2.67,3.87,6.50,-2.04,.57,.81,46
236,Virtuous,A friend of mine decided to move to the city where I lived. My friend didn’t know anyone in the city. So I went to pick her up at the airport and drove her around the city throughout the next week so she could become familiar with the city.,2.27,2.00,1.33,3.43,6.27,5.10,1.20,1.27,5.70,4.63,4.37,5.07,6.50,-1.99,-.88,.53,49
299,Compassionate,"Just a few weeks ago, I was going to the grocery store. I saw an elderly dog lying on its side and asked a clerk how long it had been lying there. It had been lying there all day so I got it some water and called a shelter to come and pick up the dog. ",4.93,2.93,1.77,3.33,4.53,3.50,1.27,1.80,3.13,3.20,2.20,3.50,6.53,-1.23,-1.00,-1.24,56
26,Virtuous,"I bought some bread and some milk in the store the other day. After I paid, I realized that the cashier gave me the wrong change back. I went back and told her this.",2.47,2.20,1.60,3.80,4.97,3.47,1.20,1.77,4.80,3.87,3.80,4.47,6.53,-1.45,-1.41,-.54,34
81,Honest,"About two months ago, I was in the grocery store at the cash register. This elderly lady left her pocketbook on the counter. So I picked up her pocketbook and called her back to come and get it. ",2.60,1.83,1.30,3.30,6.43,2.80,1.30,1.37,5.80,3.73,2.90,3.67,6.57,-1.87,-1.05,-.80,38
47,Honest,My daughter and I were shopping in a toy store at the mall. We found a wallet that had money and receipts in it. So we tracked down the mall police and gave it to them. ,2.60,2.27,1.50,3.07,6.07,3.50,1.23,1.53,5.10,3.73,2.97,3.83,6.57,-1.73,-1.11,-.76,36
35,Tired,My wife was diagnosed with cancer. I was there with her every step of the way even though it was extremely emotionally and mentally demanding. I helped her through all her appointments and emotional distress.,6.53,5.17,1.57,4.00,6.30,5.83,1.33,1.43,6.00,5.23,2.60,4.53,6.57,-1.98,1.70,.93,35
296,Compassionate,"When I was a first grade teacher in a Spanish-speaking school, I wanted to get to know all of my children’s parents. So I made a point to make myself available at any time of day. Many of them were illiterate, so I wouldn’t just send letters home, but I would call them as well. ",3.83,2.13,1.33,4.83,6.27,6.43,1.30,1.60,6.03,3.60,2.13,3.20,6.60,-2.09,-.10,2.11,55
246,Compassionate,"My neighbor had a dog for 14 years and one day the dog disappeared. I went around putting up signs throughout the neighborhood but when my friend found his dog, it was sick and needed to be put to sleep. I stayed up all night with him as he cried.",5.97,4.70,1.87,3.43,6.13,4.17,1.23,1.47,6.00,3.80,2.43,3.37,6.60,-1.83,1.24,-.28,50
229,Tempted,"While I was working as the manager of a bar in Philadelphia, part of my job was to make deposits in the bank’s night box. One night when I was depositing money, I found someone else’s bag of money. Instead of keeping it I deposited it for them. ",3.43,2.47,1.53,3.03,6.23,3.20,1.60,1.53,4.87,2.50,1.73,2.70,6.63,-1.68,-.92,-1.01,48
181,Virtuous,I found a pocketbook full of money when I was ten years old. It was in the parking lot of a store in the town that I grew up in. I showed it to my mother and we took it back into the store.,3.20,2.53,1.57,3.03,5.97,3.83,1.37,1.73,5.27,3.70,3.17,4.20,6.63,-1.71,-.71,-.58,44
84,Honest,I found a wallet with a fifty-dollar bill in it. I found a phone number to call and contacted the woman whose wallet it was. She was very appreciative and came to my house to pick it up.,3.37,1.77,1.50,3.40,6.33,3.83,1.20,1.27,5.40,3.37,2.77,3.50,6.67,-1.94,-.82,-.24,38
64,Honest,One summer I had a job on the beach picking up trash. I found a wallet on the beach and it had $60 in it. So I picked it up and turned it in to my supervisor.,3.07,2.43,1.47,3.10,5.87,3.23,1.20,1.57,4.97,3.17,3.10,4.00,6.67,-1.69,-1.00,-.96,37
34,Responsible,"I found a wallet while I was out walking once. Fortunately, it had an ID in it so I could return it. So I brought it down to the police station and turned it in.",2.67,1.97,1.33,3.03,5.87,4.20,1.13,1.40,4.73,3.73,3.10,4.30,6.67,-1.80,-1.25,-.44,35
232,Happy,I was stopped in traffic on the freeway and looked outside the window and saw a wallet. While the cars were stopped I reached out and picked up the wallet. I wrote to the person who was on the license in the wallet and he got his wallet back.,2.83,1.80,1.57,3.23,6.23,4.03,1.23,1.53,5.10,2.97,2.13,3.17,6.70,-1.83,-1.08,-.29,49
249,Compassionate,A long time ago I helped organize an intervention for my dad’s alcoholism. My grandmother and I funded all of the members of the family to assemble together in one location. When my dad walked into the room he began to cry because he was so touched by our action.,6.20,3.40,1.60,4.60,6.37,6.53,1.37,1.67,6.57,4.07,1.77,3.77,6.70,-2.15,1.38,2.03,50
90,Honest,"I was at this festival downtown and there was a man walking along, counting his money. He had a lot of cash in his hands and dropped a five-dollar bill. I picked it up and returned it to him.",2.50,1.67,1.53,3.13,5.90,2.60,1.20,1.30,5.43,4.07,3.47,3.87,6.70,-1.76,-1.29,-1.11,39
36,Happy,I used to ride the bus everyday to work. One day I noticed a pregnant woman who did not have a seat. So I took her by the arm and helped her find a seat. ,2.90,1.90,1.33,2.90,5.97,2.83,1.70,1.33,5.60,4.13,3.53,4.03,6.73,-1.77,-1.03,-1.07,35
250,Compassionate,I started working in a restaurant and had been there only 2 weeks when a fellow co-worker’s brother died. She couldn’t come into work the day he died and none of her fellow co-workers would cover her shift. So I worked a double shift that day and covered for her.,4.10,3.63,1.33,3.50,6.00,3.60,1.30,1.50,5.77,4.00,2.60,3.63,6.77,-1.81,.03,-.51,50
38,Compassionate,"I was running across the street one time, years ago, and a little old woman fell. She was carrying groceries and she slipped. I helped her get her bearings back and picked up the groceries. ",3.57,2.53,1.57,3.57,6.13,2.47,1.40,1.30,5.67,4.03,3.63,4.37,6.83,-1.78,-.63,-1.00,35
,,,,,,,,,,,,,,,,,,,
,,,,,,,,,,,,,,,,,,,
,,,,,,,,,,,,,,,,,,,
,,,,,,,,,,,,,,,,,,,